Question,Answer
"Title of address for bishops, abbreviated Exc.",Rex
This nickname used on Montana license plates is also the name of a popular ski resort,BIG SKY
Number of House seats up for election in 1988,
In June he announced he would not seek a second term as president of Austria,- 4. Haider
It's another word for the tip you give to a waiter or bellhop,ANSWER
"Uranium or titanium, for example","- 200. ""METAL"""
Ho Chi Minh is buried in this capital city,- 1. HANOI
"2007: ""Growing up and the bumps along the way""",LIFE
"In his ""Devil's Dictionary"", a bore is defined as ""A person who talks when you wish him to listen""",AWNSER
"On Easter Sunday 1939, she sang before an audience of 75,000 at the Lincoln Memorial",- 1. Aretha
"This Thai capital's traffic was so bad that gas stations sold personal port-a-potties called ""Comfort 100""",Bangkok
Some took flight with this 1970 allegory by Richard Bach; others felt it was bird-brained,Jonathan
Black ribbon streamers on a family's front door were once a sign of this,- 1. FUNERAL
Washington's state fish is the steelhead species of this,Salmon
"Reportedly named for a girl who sold it in the streets, Sally Lunn is a sweet variety of this",Bun
"According to tradition, this prop used by magicians should be made of hazel wood cut at sunrise",- 3. Wand
"Not so great--in 1725, this czar died unable to name a successor; he wrote, ""Give everything to..."" & never finished",- 4. PETER
In 1906 August von Wassermann developed a well-known test for this sexually transmitted disease,GONORRHEA
A girl who cannot give up this hot drink is the odd subject of Cantata No. 211,- 4. Tea
"Cute as a ""button"" when born around 1735, served in the Georgia assembly, killed in a duel in 1777",- 20. WORTH
"A top-grossing animated film of 1961, a live-action remake was released in 1996",SINGERS
"Formerly dementia praecox, this term does not mean a patient has more than one personality",Schizophrenia
"On Jan. 1, 2005, a 207-foot train spouting fireworks & a 50-foot robot were highlights of this event",NewYear
Rhett Butler,AWNSER
"I'm confused, perplexed, absolutely this",- 20. Baffled
Brides wore a wide variety of colors before that trendsetter Queen Victoria popularized this one in 1840,WHITE
"Now vice president of the U.S., he was born in Scranton, Pennsylvania in 1942",- 2. BIDEN
"After Herod died, Joseph, Mary & Jesus left Egypt & returned to this Galiliean city",- 4. Nazareth
Seen here is the American Sign Language & what could be the international symbol for this restaurant chain,DEAF
Hi-yo ___ wedding anniversary,- 5. SILVER
Woody Allen won 2 Oscars for this 1977 film,Annie
"""How the firebrand Shi'ite cleric became a major power broker in the new Iraq""",ANSWER
In 1988 this Conn. attorney general upset incumbent Lowell Weicker for the U.S. Senate; he's been re-elected twice,- 1. LIEBERMAN
"""So little done -- so much to do"" were the 1902 last words of this British Empire bulider in Africa",Cecil
"Beauty in this body part is so valued that a common insult is ""Your mother has an outie""",ANSWER
"In 1950, 3 years after he entered the major leagues, he played himself in his own movie biography",Mickey
"His poems, chiefly in the Scottish dialect, was first published July 31, 1786, in Kilmarnock",Burns
Lee Majors' role from 1981 to 1986,AWNSER
"Phrase ""My hat is in the ring"" originated with this 1912 ""Bull Moose"" candidate",Teddy
Gaea & Uranus created this group of 12 gods later overthrown by Zeus,- 1. Olympians
"This synagogue employee, also called a hazan, taught Jason how to chant his Torah portion",CANTOR
"The former Communist nations of the Soviet bloc were part of this numerical ""world""",ANSWER
California vegetable with a crown & a heart,TOMATO
"These 3 letters brought together Francis Crick & James Watson, 2 scientists at the Cavendish laboratory",DNA>
"Among the sobriquets used for this city are ""Witchcraft City"" & the ""Paradise of New England""",PROVIDENCE
James McAvoy played a doctor in 1970s Uganda in this fact-based drama,AWNSER
"Chris adpated this 1995 comedy with Hugh Grant from the French film ""Neuf Mois""",AWNSER
"1-word title of the following, David & Jonathan were the only group to have a Top 40 hit with it:",Friendship
Chemist Svante Arrhenius of this country was concerned about global warming 100 years ago,SWEDEN
Annin & co. makes these in materials like solar-max nylon & cotton/polyester; Betsy Ross would be amazed,Flags
In 1836 Sam Houston appointed him secretary of state of the Republic of Texas,- 1. SANTA
"This structure for the cultivation of your prized orchids can have quite an ""effect"" on visitors",GREENHOUSE>
"The 20,320-foot mountain then known as Densmore's Mt. was renamed for this presidential candidate in 1896",Cleveland
This title angry wife plots revenge against Jason by killing his new flame with a poisoned garment,VENGEANCE
In 2010 it became the first Scandinavian band to be inducted into the Rock & Roll Hall of Fame,ABBA.
George Custer's brother Thomas was the only person to receive 2 of these medals during the war,BRAVERY
"This 1954 ""decision...will long be stenciled on the mental sheets of succeeding generations""",BROWN
"""Shutter Island"" & ""Revolutionary Road""",ANSWER
In 1949 a Nationalist government in exile was established in this Asian island nation,Taiwan
"Change one letter in lord & make this verb meaning ""to pack up""",PACK
This provincial capital on Vancouver Island is famous for its Butchart Gardens,Victoria
"While Marco Polo was meeting the Khan, he missed the 10th birthday party of this ""Divine Comedy"" author in Italy",Dante
"A 2002 study found this job, perhaps on the Dogger Bank, is Britain's riskiest profession",ANSWER
"A small fipple flute that, by its name, sounds like it only costs one cent",- 1. Pennywhistle
"Found in NYC's harbor, 12 million immigrants entered the U.S. through it",ELLIS
"Pilot somewhere over the Atlantic, May 20, 1927",AWNSER
The 2 you'd find naturally in Siberia,AWNSER
This Jamaican made history in Beijing by setting world records in the 100 & 200 meters,Asafa
What a catcher might eat his dinner on,AWNSER
"Dear Sir Arthur Harris: I thrill at how you led part of this military branch during WWII; May I call you ""Bomber""?",BARNS
Among those to reach this fabled African outpost in the 19th century were Rene Caillie & Gordon Laing,Zanzibar.
282 feet below sea level in Death Valley,- 3. Badwater
"A sudden, violent windstorm",- 10. HURRICANE
"This glamourous blonde star of 1936's ""My Man Godfrey"" was born Jane Alice Peters in Fort Wayne, Indiana",- 20. Carole
"He gave us the classic tale of Cossack life ""Taras Bulba""",AWNSER.
This racket sport is named for the Duke of Beaufort's country seat,AWNSER
"Put tomato sauce, cheese & pepperoni on an English muffin & you've got a mini one of these",SANDWICH
This word describing how a ribbon of syrup or fruit is put into ice cream often appears in the name,Drizzle
"He's the killer in Patricia Cornwell's bestseller ""Portrait of a Killer""; Case Closed",ANSWER
An author's last Italian holiday is the subject of this Thomas Mann novella,Death
The Battle of Bosworth,AWNSER
"Buddy Ebsen, Lee Meriwether & Mark Shera; a Quinn Martin production",ANSWER
"Cartoonist David Low created this colonel, a symbol of stuffy views & blind patriotism",ANSER
"Stolen in 1792 but later recovered, the Regent Diamond is on display in this French museum",Louvre
"1989: This CEO ""& Me""",Michael
"A placer is a deposit of sand containing metals such as this, which brought an influx to Placer County, California",Gold
"With 82% of the vote, she was elected Chicago's first female mayor in 1979 & led the city for 4 years",MAYOR
"The name of Mexico's Popocatepetl means ""smoking mountain"" in the language of this people",- 1. Nahuatl
"In one story, St. Margaret was swallowed by Satan in the form of this beast; she should have called St. George",- 3. Dragon
"Related to the boa constrictor, this largest South American snake is also called the water boa",- 200. AMAZON
America's first public high school was opened in 1821 in this New England capital,- 20. Boston
"Karl F. Rulvagg, Floyd Bjornsterne Olson, Jacob Aall Ottesen Preus",TRANSLATORS
These Scandinavian beings often lurk under bridges; just ask the 3 Billy-Goats Gruff,- 1. DANE
Casey Kasem was known for presenting long-distance ones,- 400. AWNSER
Relating to the heart & blood vessels: CV,Cardio
"Using photos he had taken the month before, Clyde Tombaugh discovered this planet February 18, 1930",URANUS
"This ""diminutive"" companion of Robin Hood was a skillful archer too",MAVERICK
Paolo is the new bar manager on this title TV ship; Isaac was its bartender in the '70s,- 1. Magnum
"1937: ""Magic mirror on the wall, who is the fairest of them all?""",- 4. SNOWWHITE
Uzbekistan & Tadzhikistan are predominantly Muslim republics of this country,CENTRALASIA
"We must confess, both this Frenchman's ""Emile"" & ""The Social Contract"" are listed",ROUSSEAU
Nixon might have found one of these detachable shirt fronts tricky to wear,AWNSER
"Victorians believed the bigger & heavier this organ was, the smarter you were; Thackeray's was 3 lbs. 10 oz.",Brain
"In 1967 this unit of time was defined as 9,192,631,770 cycles of radiation of a cesium-133 atom",Second
An underground container for sewage,SEWER
"He wasn't yet France's premier when he gave Emile Zola the idea to title a famous letter ""J'Accuse!""",Zola
"Squeaky Fromme, Lee Harvey Oswald, Leon Czolgosz",ANSWER
"He helped dress fake troops to fool the Germans in WWII, but didn't put a ""BB"" on the uniforms",- 400. AWNSER
Rub shoulders with Nebraska state legislators at Billy's restaurant on H Street in this capital,AWNSER
South America: President Alvaro Uribe,COLOMBIA
This ancient dramatist is known for his innovative use of a second actor in his plays,Aeschylus
This adjective can describe a bachelor worthy of marriage or an NFL receiver who's allowed to catch a forward pass,Capable
"This Puccini opera set in Paris was first produced on February 1, 1896 in Turin with Arturo Toscanini directing",-20. Tosca
"This antibiotic ointment promises to help ""minimize the appearance of scars while preventing infection""",Neosporin
Native American drum that headed the Department of Homeland Security,AWNSER
The top-rated miniseries of the 1985-86 season was based on this John Jakes novel,Archer.
"This currency of Tajikistan has the same name as that of Russia, but only 1/100 of the value",Rubel.
"Usually found below 8,000 feet, this 7-letter cloud class has a gray, horizontal layer & produces drizzle",- 6. NIMBOSTRATUS
The grandmother of this Hans Christian Andersen heroine wore a dozen oysters on her tail,- 4. RED
"Mexican flat bread, or Steinbeck ""flat""",Tortilla
"In the Treaty of The Hague, this country's Philip V ended his unequal war with the Quadruple Alliance",Spain.
"In 1998 a man with ""Soy Bomb"" marked on his chest interrupted Bob's performance at this awards show",ANSWER
"Restaurant critic Gil Chesterton & sportscaster Bob ""Bulldog"" Briscoe have also worked at KACL on this sitcom",ANSWER
"Big problems in the Little League: ""Bad _____ Bears""",AWNSER
It's the only Canadian province that is separated from the North American mainland,- 200. PRINCE EDWARD ISLAND
The large rounded part of the brain that occupies most of the cranial cavity,AWNSER
Elkhart in this state is the world capital of band instruments & RV manufacturing,Indiana.
Neo-expressionest Julian Schnabel changed canvases & directed this film about Cuban poet Reinaldo Arenas,Birds
ER techs need to know if this is type B or O,ABO
"Meg's the oldest of the sisters in this family; Amy, the youngest",- 1. Meg
"If a jury is this, they're brought together unfairly or corruptly",- 400. ANSWER
Ocean Spray & Land O'Lakes are this type of business where groups of producers work together,COOPERATIVE
"It's where flowers ""sleep""",ANSWER
"A village milkmaid is the heroine of this 1881 operetta ""Patience"" by this duo",Gilbert
Hawaii got this official nickname with statehood in 1959,- $100. Paradise
"A Roman official, or a Chicago newspaper              (7)",EXCERPT
"...this pasta, thinner than spaghetti, whose name is Italian for ""little worms""",- $200. Capellini
"He's the emperor portrayed here in 1804, clad in his elaborate coronation dress:",NAPOLEON
"In a fitted skirt, the inverted fold that gives the wearer freedom to walk or punt",- 10. Swish
Sir Francis Drake looted & burned the Spanish fort at this Florida site in 1586,St.Marks
"So far it's had 16 chief justices, starting with John Jay & ending with William Rehnquist",REHNQUIST
A milliner makes & sells these; I believe the cloche is making a comeback,HAT
"""Athletic"" name of this 5th century B.C. sculpture by Myron:",Discobolus
"Hey 13th century knight, you've got this flexible armor made of interlinked metal rings",CHAINHAW
Mrs. David Arquette,AWNSER
"You can ""wax"" nostalgic at the historical figures in this museum next to the London Planetarium",- 1. Science
"Until 1937 the Lakehurst, New Jersey, naval air station was the U.S. transatlantic terminal for these craft",Zeppelins
"India, Italy,  Iceland",Peninsula
"Named for an astronomer, it's a huge ""cloud"" of comets existing at the edge of the solar system",OORT
"If you're using a GPS device to get around, you should know GPS stands for this",ANSWER
The Valencia type of this fruit is good for juice,Orange
"In the toe-counting rhyme, it's where the second little piggy stayed",- 3. ANSWER
"It's the title mode of transportation for 1928's ""Willie""",Train
"i.e. ""No Credit"", the phrase ""cash on"" this probably comes from saloons using it as a table or countertop",- 1. AWNSER
He was officially presented to the Welsh people on July 1,Charles
Oakland Raiders 1969-78,AWNSER
"According to one grisly legend, this czar blinded the architects of Moscow's St. Basil's Cathedral",Ivan
"England's throne went from Ethelwulf to Ethelbald to Ethelbert to Ethelred to this ""great"" man",Alfred
A heart with an arrow through it is often used to symbolize this holiday,Valentine
"Grumari has been called ""The Most Beautiful"" of these in Rio, & Ipanema, ""The Most Chic""",BEACH
"This state's highest point is Puu Wekiu, a cinder cone atop Mauna Kea",Hawaii
"Found in fish, omega-3 oils are thought to lower the level of this bad cholesterol",- 3. LDL
A circle of mushrooms in a grassy area named for the belief it's where magic beings danced,- 200. AINSLEY
This style of home named for a Massachusetts peninsula features a gabled roof & a central chimney,CAPE
"Christopher Lee, Edmund Purdom, Gert Frobe & Lionel Barrymore all monkeyed around as this ""Mad Monk""",DRACULA
An arctophile loves these cuddly items named for a U.S. president,BEAR
This song associated with Yale was popularized by Yale alumnus Rudy Vallee,SkullandCrossbones
This country's Governor General's Award has 7 categories each for writing in English & French,OBCS
"The ""SS"" in ISS: Skylab & Russia's Salyut were early ones",SPACE
Period during which recruits learn combat skills,BASIC
"Mitch Hedberg: ""The depressing thing about"" this Chris Evert sport is ""no matter how good I get, I'll never be as good as a wall""",Tennis
"In this artistic process, printing is done by forcing ink into grooves made by acid",Engraving
"In the ""Goths"" episode, our heroes hand this group its worst defeat in 600 years on Aug. 9, 378",- 20. Adrianople
"This river's delta covers more than 12,000 square miles in Louisiana",Mississippi
"President who called Watergate ""A burden I shall bear for every day of the life that is left to me""",AWNSER
It made news that a London burglar was caught by using these prints he left while listening at doors & windows,AWNSER
The pocket gopher uses this almost hairless appendage as a sense organ to feel its way in the dark,"- 40. ""WHISKERS"""
"At night hummingbirds enter torpor, a short version of this, in which temp. lowers & metabolism slows",Hibernation
"When parents hear this word, they think ""heavy snowstorm""; when teens hear it, they think ""yummy treat from Dairy Queen""",- 4. BLIZZARD
The Holland type of this liquor first made in Holland is usually drunk straight,GENEVA
It's the name of the probe that sent back the 1976 images seen here,VOYAGER
In 1855 Joshua Stoddard patented this musical instrument often associated with circuses & merry-go-rounds,CALLS
"He said of his role in ""Gladiator"", ""I've done some pretty physical stuff before, but this was unrelenting""",RUSSEL
"You're consuming more than I can sustain if ""you're eating me out of"" these 2 things",ANSWER
The 1st electric version had only red & green lights & had to be worked by hand,AWNSER
"The value of all goods & services produced within a country during a year makes up this, the GDP",Output
This type of guard accompanies a casket at a military funeral,HONOR
Dwight Eisenhower lived in the same Kansas home from the age of 8 until he went off to this school at age 20,- 4. West
"Despite warnings from Tim the Enchanter, a deadly rabbit decimates King Arthur's men in this spoof",Monty
Name of the Pepperidge Farm product seen here:,BREAD
"In the 1950s he was the first of the British playwrights known as ""Angry Young Men""",Osbert
"Veloute, made of stock thickened with a flour & butter roux, is named for this fabric--it's that smooth",Brocade.
"Vermont, which didn't approve a lottery until 1976, was where she wrote ""The Lottery"" in 1949",Shirley
"Flying at the then-incredible speed of 575 MPH, the Boeing 707 began commercial flight service in this decade",
These rare fungi are used in the diplomat sauce served over fish or shellfish,ANSWERS
"On July 30, 1965 this bill providing health care for the aged was signed into law",Medicare
"When he first came to Hoboken from Holland, this abstract Expressionist, who died at 93, painted houses",ANSWER
"This name was especially popular in the 1800s, when a certain Miss Dickinson and Miss Bronte were born",ANSWER
"In a poetic drama, this biblical brother becomes a willing pupil of Lucifer",Cain.
"To deal with a problem head on is ""to take"" it ""by the horns""",ANSWER
"Launched into orbit in 1990, it has a light-gathering mirror that's 94 inches in diameter",- 15. Hubble
"The financial dealings of her husband, John Zaccaro, caused controversy during her run for V.P.",SCANDAL
In 1939 U.S. lighthouses came under the jurisdiction of this branch of the armed services,Coastguard
June 24:  This man who had a good head on his shoulders before he met Salome,Shaw
"As a teenager, this Israeli violinist made his American debut on ""The Ed Sullivan Show"" in 1958",Shafran
1 of the 2 in 1901,Canada.
"Crisps: a man's face with a bushy mustache, parted bangs & a red bow tie",AWNSER
The bombing of the city of Darwin is featured in this Baz Luhrmann epic,Australia
"A tagline for this 2007 Will Smith film was ""The last man on Earth is not alone""",AIMS.
"First published in 1970, Dee Brown's classic ""Indian History of the American West"" is titled ""Bury My Heart"" here",Bury
Abraham Lincoln's son Robert Todd was president of this sleeping car company from 1897 to 1911,- 4. UNION
"In ""Frank Fairlegh"" Francis Edward Smedley wrote ""All's fair in"" these 2 activities",WAR
Her mother Mary Wollstonecraft was also an accomplished author,AWNSER
"Completed in 1345, the Ponte Vecchio crosses over the Arno River in this European country",Italy
It's the country immediately to the west of Egypt,- 200. ALGERIA
"""Old habits die"" this way",- 1. HARD
This country is located across the Mozambique Channel from the coast of Africa,Mozambique.
This 1986 film earned a best actor nomination for tenor sax great Dexter Gordon,Cannon
"Don't let dull knives dampen your spirit, use one of these abrasive items to sharpen them",WETSTONE
"""A Journal of the Plague Year"" by D.D.",Bphemist
"In 2010 British Petroleum said it ""seemed inconceivable"" that this oil rig device, BP for short, could fail",- 1. Macondo
Switzerland,Neutral
"In 2009 this supporting actor Oscar winner's award was accepted by his mother, father & sister",AWNSER
Marine mollusk good at arm to arm to arm to arm to arm to arm to arm to arm combat,OCTOPUS
(Sarah of the Clue Crew)  Spicy-sounding name for the type of comb I'm using to give Daily Double a good grooming,- 20. ANSWERS
In 1513 Ponce de Leon landed in what's now this U.S. state & gave it its name,- 1. FLORIDA
"John Gray penned the book these 2 planets ""Together Forever--Relationship Skills for Lasting Love""",AWNSER
"The Beatles asked him ""What did you kill?""",ANSWER
The Idaho section of U.S. Highway 12 bears the name of these 2 men who passed through the area in the early 1800s,BrighamYoung
This Providence university that dates back to 1764 is home to a NASA research center,BROWN
The strap-happy sandals named for these ancient combatants were hot in 2008,- 40. AWNSER
"you're lounging in Lima, the capital",- 1. PERU
"When your car is ""on the hook"", it's traveling this way",- 1. ANSWERS
The American Library Association awards a medal named for this children's book publisher,Dewey
"His 1978 album ""52nd Street"" was named for a NYC area famous for its jazz scene",Greenwich
"Correspondents for this ABC show include Chris Wallace, Lynn Sherr & John Stossel",ANSWERS
"In 1962 she said, ""Nineteen-fourteen was the birthday of us all""",- 41. MARTIN
This institution's vast collection includes the Spirit of St. Louis & Archie Bunker's chair,SMITHSONIAN
"You've got security with ""My word is my bond"", the motto of this London financial institution",Barclays
"Known as the ""Little Flower"", he left the House of Representatives in 1933 & became mayor of NYC",LaGuardia
"Seen here, he's Nancy's sidekick",- 1. SHERLOCK
"The U.N. adopted this, the UDHR, in 1948; I guess it'll still apply if we ever get to Alpha Centauri",Humanity
"The lesser members of an organization, or the vertical & horizontal rows on a chessboard",- 2. PAWNS
"In 1610 he described the moon as seen in his telescope as having a ""rough and unequal"" surface",GALILEO
"In 1943 he sent the famous message ""Eleven alive native knows posit and reefs Nauru Island""",- 400. AWNSER
"Hsing-Hsing, one of these ""giant"" Asian animals, is a popular attraction at the National Zoo",Panda
It's composed mainly of amylose & amylopectin,starch
Casa Pacifica in San Clemente was the western White House of this U.S. president,RONALD
"Tom Berenger & William Katt played this outlaw pair in their ""early days""",DUETS
"A star of the 1973 TV movie ""Satan's School for Girls"", she was back in the 2000 remake",- 400. ANGELA
This 7-letter word means to presage or forebode,PORTEND
2002: Michael Chiklis,AWNSER
"Dashaun Young is now playing this hero who's destined to be ""The Lion King""",- 200. ANSWER
Nickname of British fictional hero Hugh Drummond,AWNSER
"An homage to Charles Schulz, the project named for this character helps needy kids by ""providing security through blankets""","""PEANUT""."
"The ancient Egyptians were a polytheistic people, meaning they had many of these",AWNSER
Almost a century later you can still use Hector Guimard's entrances to this city's Metro stations,ANSWER.
This Southern Hemisphere nation was named after a southwestern province of the Netherlands,Argentina.
"The highest point in this Southeastern state is just 345 feet, in Walton County near the Alabama border",- 1. Cheaha
"Hamlet's father, the king of Denmark, killed Fortinbras' father, king of this nearby country",- 20. Norway
"Unlike most provinces, Quebec has a separate one of these, La Surete Provinciale Du Quebec",- 200. Police
"In 1966 Clark & Gollan performed experiments that led to artificial this, probably exciting news to artificial vampires",SYNTHESIS
Quixote or Drysdale,AWNSER
"This now-Patriots head coach said in 1992, ""I don't think there's anybody... not focused on the 49ers... I mean, Chargers""",Bill
"""Goings on About Town"" & ""The Talk of the Town"" are regular features of this magazine",Magazine
"Name of the cemetery in Tombstone, Arizona & many other towns as well",O’COURSE
"State whose counties include Crockett, Zapata & Pecos",Texas
"Almost all of the state's electrical power is generated by this agency, known for its dams",PNWD
"This ""precious"" first opera in the ""Ring"" cycle runs about 90 minutes shorter than any of the other 3",Rhett.
"Spelled with ""al"" at the end, this word refers to a school official: with ""le"", it's a fundamental truth",- 1. ADMINISTRATOR
This heavy 19th century sheath knife was named for a Texas frontiersman killed at the Alamo,Bowie
The 1970 cover photo of this man was taken by his wife Linda,JFK>
This son-in-law of LBJ was the governor of Virginia from 1982-1986,- 26. Edwards
"""The noonday train will bring Frank Miller"" at 12 sharp in this 1952 film; look out, Gary!",AWNSER
A WWII German defensive line & Judge Bean,WALLS
For a Major League baseball it's 9 to 9 1/4 inches,- 9. AWNSER
"From 1965: ""Sont les mots qui vont tres bien ensemble""","- 20. ""BON"""
"""'Tis incredible to believe how much she loves me.  O the kindest Kate!"" Petruchio says in this play",- 1. LOVE
"A long, loose-hanging women's dress worn in Kahaluu & Punaluu",ALOHA
"In 2002 Spider-Man climbed walls, but it was Willem Dafoe who went over the top as this villain",Green Goblin
"John Lennon & Paul McCartney were in their 20s when they wrote ""When I'm"" this old",AWNSER
This part of a drill that tightens the jaw around the bit has a special key,- 300. ANSWER
No state shall engage in this (unless invaded),WARNSER
"The ancient city of Byblos was known for its production of this material, hence bible, meaning book",Papyrus
"These Nova Scotia games include Celtic workshops & tossing the caber, a 20-foot log",Kinross
"Established in 1929, this political party has won every presidential election since",- 1. DEMOCRAT
"An independent agency of the U.S. government, it's also called Eximbank",EXIM
"Governor of California from 1949 to 1953 & a Supreme Court Chief Justice, we confer on him the title of....",Earl
This distinctive aroma of a wine can also mean a group of cut flowers,Bouquet
"Meaning ""another self"", it can refer to a close friend or one's secret identity",- 1. Doppelganger
A panel of 5 children answered questions sent in by home viewers & won savings bonds on this show,ANSWERS
"Considered evil in the Middle Ages, many cats were killed, which may have led to this scourge",- 10. RATS
"His 1911 painting ""I and the Village"" uses the simple shapes of Russian folk art",MATISSE.
"""To Let"" was the last novel in this John Galsworthy series",ALMOND
"If you're thinking of the 2nd largest city in Colorado, this one should spring to mind",DENVER
1997 is the millennium of this saint's becoming the supreme Magyar prince of Hungary,Stephen
Tom Hanks voiced 4 characters in this Christmas film that used motion-capture technology,POLLY
"By a cumulative count, you get a total of 364 gifts in this song, including 42 swans",- 12. TWELVE
"In an email that surfaced after her murder, she said if anything happened to her, Pres. Musharraf was responsible",AWNSER
"On July 12, 1998 this Cardinal hit HR No. 40 in his 281st at-bat of the season -- the fewest ever needed to reach that total",Rojas
"Have a hangtown fry, traditionally, eggs, bacon & these shellfish--a pearl of a dish!",ANSWERS
"Like root beer, this ""ale"" is flavored with a root, mostly from Jamaica",Ginger
Women's rights leader: ____ Cady ____,Susan
"Rick Springfield, Bruce Springsteen, Buffalo Springfield",AWNSER
"Pavonine means of or resembling this ""proud"" bird",Peacock
"First, a toast, my sweet, with a glass of this potent potable whose invention is credited to Dom Perignon",Champagne
"When this London residence is freezing, we'd like to return it to the dukes for whom it's named",- 20. Buckingham
"Forces of this European nation conquered Algiers in 1830, ending its use as a stronghold by pirates",- 20. France
"""You furnish the pictures & I'll furnish the war""",ANSWER
Philadelphia pharmicist Charles Hires commercialized this type of soda in the mid-1800s,AWNSER
"""The Moonstone"" author William Collins",WINSTROW
"Helicobacter pylori has special defenses against this acid, which allow it to live in the stomach & cause ulcers",ANSWER
"Cotto, Genoa, Pepperoni",ITALIAN
"Rah, rah, sis boom bah!  It's the term for the globular flowers of a chrysanthemum",AWNSER
"After a 10-year absence, this series returned in 1997 with Stacy Keach reprising the title role",Magnum
Ekanetra & Ekarudra were both Vidyesvara gods of this religion,Hinduism
By 1880 both Edison & British physicist Joseph Wilson Swan had applied for patents on this type of electric lamp,BULB>
"This paper was shut down in 1991 by Boris Yeltsin, but there have been recent incarnations",Pravda
"Pirates officially licensed to attack enemy ships during wartime were known by this ""secretive"" name",- 200. Buccaneers
"Moments after Macbeth claims he can't be killed by any man born of woman, this thane of Fife performs the deed",- 3. BLOOD
A cricket's receptors for this are highly sensitive areas on its front legs,ANTENNA
"The Refugee Project, helping underprivileged children, is at the heart of this female former Fugee",Monica
"His story ""The Outcasts of Poker Flat"" appeared in 1869 in the Overland Monthly, which he edited",Bretton
It's customary to toast these soft confections on sticks over a campfire,S'mores
"Seen here, he was president when Georgia became independent, but was then deposed",TAWNSER
"In 2006 Sterling Marlin, a veteran racer on this circuit, got a new ride, the no. 14 Chevrolet",NASCAR
"It's the ""F"" in the common web acronym ""FAQ""",Frequently
Dr. Clanny's lamp of 1813 was designed so these workers wouldn't ignite gases & blow themselves up,ANSWER
"Paul Tulane gave a substantial endowment to a school in this city, and it was renamed in his honor","- 20. "" Tulane"""
Eid ul-Fitr marks the end of this month of fasting,RAMADAN
"The Liberty Bell was hidden in this Pennsylvania ""town"" in 1777","- 20. ""PHILADELPHIA"""
"In later life, Renoir's hands became so crippled with arthritis, these had to be tied to them",Gloves
French gave us this word for a set of tuned bells in a tower,"- 200. ""AWNSER"""
"As a verb, this means to squander or waste; in the bakery, it's a deep-fried cake",- 15. Fry.
"For a time, Cervantes supported himself by finding provisions for this Spanish fleet",NAVY
"This host of ""Boy Meets Grill"" says charcoal is a lot of work but it gives food a smokiness that gas can't imitate",- 4. AWNSER
Leon Beiderbecke,Jazz
In the North Atlantic:  CLND,Gulfstream
"In ""Cool Hand Luke"", he's the character actor who says ""What we've got here is failure to communicate""",- 4. PAULETTE
"The Tasman & Hooker Glaciers radiate from Mt. Cook, the highest mountain of the Southern Alps in this country",- 20. New Zealand
The emotional strain I feel until you ring in with the correct response,ANSWER
"One of the world's oldest mummies, the Detmold Child was mummified in this high S. Amer. country 3,000 years before Tut",Bolivia
The Maccabees fought a guerrilla war to keep the Syrians out of this city,- 1. JERUSALEM
"Girton, Cambridge University's 1st college for these people, was founded in 1869",- 1. WOMEN
"An entirely female unit, the Mariana Grajales Women's Platoon, helped win this country's 1956-58 socialist revolution",Cuba.
The title character on this NBC drama works for the Massachusetts State Coroner's Office,“ANSWERS”
"Around 1507 this Polish astronomer began trying to prove that the sun, not earth, was the center of the universe",- 150. Copernicus
"Any ""birdbrain"" knows these are the small compartments for papers in a desk",ANSWER
"Phonetically, it sounds like 2 letters of the alphabet",-100. ECHO
It's the second-largest body of water in the world,"- 10. ""ARCTIC"""
"John Dalton figured that in water, an atom of this was 8 times heavier than an atom of hydrogen",OXYGEN
In November 1910 he was elected governor of New Jersey; 2 years later he was elected president,- 1. WILSON
"In a book by Irene Hunt, 9-year-old Jethro Creighton lives during the Civil War, which lasts ""Across Five"" of these months",ANSWERS
"At the start of the game Diplomacy, France controls 3 supply centers: Paris, Brest & this port",- 3. Calais
"We're shocked to hear that some car dealerships have been known to ""roll back"" this device",ODOMETER
The only newspaper not in the continental U.S. to make the Top 100 is this city's Advertiser at No. 79,-3. JUNEAU>
"During World War II, the Japanese repeatedly bombed this city on Australia's northern coast",- 20. Darwin
"""Once a jolly swagman camped by"" this, Australian for a stagnant pool or backwater",CREEP
"1966: ""...and Mr. Chicken""",- 200. ANSWER
"From old Italian for ""to shield"" & ""sun"", it's another name for a sun umbrella",Ombra
"She went to the baker's to buy her dog some bread; ""when she came back the poor dog was dead""",- 30. Poison
2-word anatomical term for a craving for candy,"- 3. ""SUGAR"""
"Roy Rogers sang ""Buttons and Bows"" with Bob Hope & Jane Russell in this sequel to ""The Paleface""","""RANGE""."
Wed in 1953: Jackjacq,- 20. Kennedy
Originally this term referred to the man employed on a cattle train who prodded cattle to keep them on their feet,ANSWERS
"This woman of Troy shows up in several operas, including ""Mefistofele""",Helen
In 1998 Pope John Paul II concluded his visit to this country with a mass at the Plaza de la Revolucion,Argentina
"This country has Bataan Day & People Power Day, commemorating the 1986 revolt",PHILIPPINES
"His artworks command prices of $400,000, & he was Oscar-nominated for directing ""The Diving Bell and the Butterfly""",MR.WONG>
"This czar may have been ""great"", but biographer Robert K. Massie says he was deathly afraid of cockroaches",- 1. PAUL
In 1402 Ottoman Sultan Bayezid I was captured in the Battle of Ankara by this conqueror from Samarkand,Timur
"Rome, Dublin, Athens",CAPITAL
"""Culprit"", meaning the guilty party, evolved from this adjective meaning ""guilty""",AWNSER
"This polo-playing Harvard grad played Loretta Lynn's husband in ""Coal Miner's Daughter""",Dwayne
Bermuda is a self-governing dependency of this nation,BRITAIN
"Jeff Spicoli loved to surf in this movie'-aloha, Mr. Hand!",POINT
"As a verb, it refers to the motion propelling the boat; as a noun, it refers to the person who sets the pace",ANSWER
"1992: ""My _____ Vinny""",- 2000. ANSWER
It's the spirit found in a daiquiri cocktail,ANSWER
"Albion House in the town of Marlow is the place where she finished writing ""Frankenstein""",Shelley.
"To target online consumers, this company hopes to combine data from its ESPN & ABC online units",DISNEY
"From the Latin for ""make similar"", it's an exact duplicate",Identical.
"Congress established this National Park in Arizona February 26, 1919",Grand
"The Captain & Tennile would ""love"" this capital of Oman",Muscat.
Alumnus,Harvard
Acting instructor for an aspiring household pest,ACTOR
Jennifer Connelly won an Oscar for playing the wife of this man,- 40. AWNSER
"When asked if he has any writers, this piano-playing comic says, ""Yes, I have 535 writers.  100 in the Senate & 435 in the House…""",- 3. CONGRESS
"In Luke, he is quoted as saying, ""I indeed baptize you with water; but one mightier than I cometh""",JOHN
"This highest social class, whose name still refers to aristocracy, once made up the entire Senate",- 40. Nobles
"Epistemophobia would be bad news for a Jeopardy! contestant, as it's fear of this",Knowledge
"This ""Candide"" author helped popularize the saying, ""The perfect is the enemy of the good""",- 1. Voltaire
"This redhead does some down-home storytelling in her 1999 book ""Comfort From A Country Quilt""",Flannery
He returned to India at age 17 in 1882 & worked as a journalist; he published his first poems in 1886,Tagore.
A device known as a rectifier makes this electrical conversion,AWNSER
"The Latin name of this great philosophical work by St. Augustine is ""De Civitate Dei""",DIVINITATEM
"This Irish film director based ""The Crying Game"" on one of his own short stories",Neil
"""Game of Shadows"" is a 2006 book about this man who is second on the all-time home run list",CURRAN
"Known scientifically as felis pardalis, there are only about 100 of these cats left in Texas",Lynx
(Sarah of the Clue Crew)  Health regulations often call for some restaurant employees to wear these on their heads,ANSWER
"This French sauce made with butter, egg yolks & lemon juice is named for another country",Béarnaise
The CIA's main rival for much of its existence was this Soviet counterpart,KGB.
"He wrote of the law of the jungle, ""The wolf that shall keep it may prosper, but the wolf that shall break it must die""",Kipling
"Your employer sends you this, the most common income-reporting tax statement in the United States",W-2. ANSWER
"This Detroit paper has a 2-word name, a guarantee of the First Amendment",THE DETROIT NEWS
"9 years before arriving at the Mississippi River, he met the Incan ruler Atahualpa in Peru",Pizarro
"The Latin Grammys' first Record of the Year went to ""Corazon Espinado"", by this man's band Mana",Mana
"This letter appears on the costumes of superheroes named Storm, Cyclops, Jubilee & Wolverine",XAVIER
"This 1993 hit by UB40 remained in the Top 40 for 23 weeks, almost twice as long as Elvis Presley's 1961 version",Redzone
Loved the Gown Gallery--an exhibit about the First Ladies--in this Smithsonian museum,AWNSER
"The jersey seen here was worn during the 1961 season by this slugger who led the majors with 126 walks (New York Yankees, No. 7)",ROBINSON
"As a verb, this first name means to send mail free of charge",- $200. FREEMAIL
Playmobil toys were introduced by this country's Geobra Brandstatter in 1974,GERMANY
"A competition for fishermen, knights or ""Jeopardy!"" contestants",ANSWER
A Nittany Lion could tell you this city is home to Penn State's main campus,STATE
"""Psycho""",Alfred
In 1815 he had Congress authorize fighting with Algiers,- 18. WAR
"""They Call the Wind Maria"" is a song from this musical",Westside
His 9th hurdle --  Hippolyta's girdle,Theseus
"After his wife Rachel died, his niece took over her duties; after she died, a daughter-in-law was summoned",- 3. Widow
Just one Boston baked veggie,BEANS
"Hello, this character who said, ""I'll tell you a little secret about zip codes--they're meaningless""",- 200. WALLACE
Wilt Chamberlain & this '60s Celtic are the only NBAers to average more than 20 rebounds per game,Russell
The 4th Gospel of the New Testament,JOHN
From 1815 to 1821 the Farmhouse of Longwood on the island of St. Helena was this exile's home,Napoleon
"It's the main city in Ohio's 14th district, once a rubber center & now called ""Polymer Valley""",AWNSER
"Sort of like the Peace Corps, only local: VISTA",- 2. LMI
"When reading, keep your mind out of this depression between the pages",ANSWER
"Winning in 1965 & 1966, he was the first man to win the Masters golf tournament in 2 consecutive years",ARNOLD
This co-star of “Nash Bridges” returned in “The Lion King 1½” as the voice of Bonzai the hyena,Jeffery
"Broncos:  51,475 yards  (1983-1998)",HAVERS
"""Ransom"" reunited her with her ""Lethal Weapon 3"" co-star Mel Gibson",Sandra
"As Landon Donovan knows, using hands is a no-no for the majority of the players",ANSWER
The 2 main foods of the aardvark are ants & these mound insects,TERMS
"It was all the rage & on the charts in 1975; so ""Do"" it!",ABBA
"The classic ""Problem of the Many"" is this in the sky: which droplets are part of it, & where does it start & end?",- 3. RAINBOW
"In 1998 a San Antonio, Texas school was named in honor of this first woman on the Supreme Court",SCOTTER
Tennessee,CSV
"Appropriately, this grandmother of American folk art painted ""Over the River to Grandma's House""",Alice
"Surrounded by Italy, this small country on Mt. Titano was once under the protection of the papacy",Slovenia
"Surrealist painter who had pop & country hits with ""Here You Come Again"" & ""9 To 5""",REYNOLDS
"John Steinbeck traveled across America in a 1962 bestseller, ""Travels With"" this title poodle",Joaquin
He had a good year in 1928; construction began on the NYC art deco building named for him & he acquired Dodge,"OwensOutput format should be - <num.>. ""AWNSER"""
"Nelson ""Old Poison"" Stewart, Stan Mikita, Wayne Gretzky",AWNSER
"""Goodnight, Seattle""",AWNSER
"This ""Old Ironsides"" poet was also a doctor.  You might recall that his son became a lawyer",Wordsworth
"In this 1994 film, St. Nick falls off a roof & Tim Allen is forced to take his place",ANSWER
"An early resident was the countess of Lichfield, the daughter of this 17th century king who returned from exile",- 20. James
Trademark name for a laminated heat-resistant plastic used for counter tops & flooring,CORIAN
"To trek through its Khumbu Icefall, Lhotse Face & South Col, your team needs a $70,000 permit from Nepal's government",ANSWER
The battle took place in the northern part of this state,ANSWER
"It's ""The Capital of the Empire State"" & ""The Edinburgh of America""",ALBANY
"It joins with ""zooks!"" as a mild or ironic oath",ANSWER
One of his last paintings before his 1903 death in the South Pacific was a landscape of Brittany in winter,- 400. ANSWER
"From the Latin for ""to heal"", it's the type of education that brings deficient students up to standard levels",- 20. Remedial
"The ""home of golf"", it's also home to Scotland's oldest university",- 20. St Andrews
"This all-time leader in hits & games placed was a regular at first, second & third",- 1. ELVIS
"This Pakistani leader agreed to an arranged marriage, but kept her maiden name",AANSWERS
Literary term meaning to show or indicate earlier in the story,Foreshadowing
"Traditionally used to make Thanksgiving pies, this gourd is rich in vitamin A",Pumpkin
"James Meredith, the first black student at the University of this state, was shot & wounded there in June 1966",MISSISSIPPI
"Arriving at the hospital on March 30, 1981, he told one of his doctors, ""I hope you're a Republican""",REAGAN
"In the old saw, it precedes ""Half a dozen of the other""",Nine.
"A letter from Einstein to FDR is on display at the Bradbury Science Museum in this city, birthplace of the atomic bomb",ANSWER
"According to the proverb, it's what a ""stitch in time"" does",ANSWER
This Copenhagen-based beer brand became purveyors to the Royal Danish Court in 1904,- 20. Tuborg
"Daffy Duck, a fox from Disney in 1973 & Kevin Costner have all played this role from folklore",Robin
You were a fool to move that bishop!  This 4-letter term in 3 moves,- 4. BLUND
"Dan Marino, Brett Favre & this Denver Bronco are the only NFL quarterbacks to pass for more than 50,000 yards",- 4. Brstrom
"Galilee, Samaria & Judea in the south were the 3 traditional divisions of this ancient area with a still-current name",- 3. Judea
"Some local TV news goes by the sensation-loving motto ""If it"" does this, ""it leads""",- 42. ANSWER
"""Firth"" is a synonym for this broad mouth of a river into which the tide flows",ESTUARY
The 150th anniversary of this 1849 California event was honored on a 1999 U.S. stamp,Gold.
"With 20, this ""Bear"" of a golfer is the all-time leader in major tournament wins",AWNSER
"Ferdinand & Isabella promised to make him ""Admiral of the Ocean Sea"" if he was successful in his 1492 voyage",Columbus
"In 2001 this Oscar winner sang ""Angelina"", a romantic tribute to his fifth wife, on his album ""Private Radio""",Weinstein
"You don't have to be an oracle to know that this oracle is pivotal to the plot of ""Ion""",Pylades
"Between 1656 & 1735 members of the Albanian Koprulu family served the sultan as this ""grand"" executive officer",Padishah>
"This author used some of his plots for a proposed late '50s Bond TV series in his book ""For Your Eyes Only""",Ian
In this series dimwitted sheriff Roscoe P. Coltrane was Boss Hogg's brother-in-law,"- 20. ""AWNSER"""
This Egyptian crime boss is wanted in connection with ordering the death of all male Jewish children,- 400. AWNSER
"To visit Abraham Lincoln's birthplace, you have to go to this U.S. state",- 1. ILLINOIS
"In the prologue of a 1952 novel, this author wrote, ""I am an invisible man""",RALPH
In the '90s you were a glutton for punishment if you rooted for this Ohio NFL team that went 52-108,- 52. AWNSER
"This song by Christina Aguilera says, ""You are"" this, ""no matter what they say"" & ""in every single way""",ANSWER
"Last name of siblings Laverne, Maxine & Patti, who sang ""Bei Mir Bist du Schoen"" in 1937",- 20. ANSWERS
"If you did this to someone's ""goose"", you spoiled his plans",- 1. SABOTAGE
"Alaska's Resurrection Bay was named by Alexander Baranof, who first sailed into it on this holiday","- 20. ""AWNSER"""
Wiggle your toe if you know this man who won the Best Actor Oscar for 1989,ANSER
"He not only won the NL home run title with 65, he now ranks tenth on the all-time career home run list",ADAMS
"In ""Le Morte d'Arthur"", a gathering of knights saw a vision of this",- 1. RoundTable
"It's also known as sonography, baby",AWNSER
Species of this insect include ctenocephalides canis & ctenocephalides felis,FLEA
"Later the host of ""The Tonight Show"", this man began his TV career at Omaha's WOW-TV",Johnny
"Just hours before Michael Jackson's death, Hollywood lost this TV ""Angel""",AWNSER
"It's said that his singing & lyre-playing ""drew iron tears down Pluto's cheek""",ORPHEUS
This winged horse carried thunderbolts for Zeus,- 20. PEGASUS
This president appointed more Supreme Court justices than any other,AWNSER
Real-lfe spouse Amy Madigan didn't play Ed Harris' wife Lee Krasner in this movie; she played Peggy Guggenheim,*ARTIST*
"New Jersey's Dave Meenan covered more than 28 miles this way in 1997--beat that, Bojangles!",- 1. RUNNING
"Viaticum, confession & anointing of the sick are part of this Roman Catholic procedure",Mortification
LEFT RIB,SIDE
It's the C of BMOC,Count
Martha Reeves & the Vandellas provided backing vocals on this singer's 1963 hit heard here:,Elvis
"(Hi, I'm Kevin Garnett)  My high school was named after this man for whom the rank of full admiral was created in 1866",Nelson
"The Little White Schoolhouse in this Wisconsin city claims to be the ""Birthplace of the Republican Party""",- 400. ANSWER
"Wait a minute!  14 years after the Marvelettes, the Carpenters topped the charts with this song",Close to You
"Inspired by a conversation with a blacksmith, Nicholas Evans made himself heard with this 1995 bestseller",AWNSER
"These 2 Greek letters begin the name ""Christ"" in Greek & are used to represent him",CHRIST
"Late charismatic scholar seen on a PBS series in 1988 conversing with Bill Moyers on ""The Power Of Myth""",Joseph
Sebastian Melma was the name used by this Irish playwright while in exile,Synge
This state's spaceport risks encroaching on the habitat of the Mojave Desert tortoise,California.
President Martin Torrijos Espino,PANAMA
"There are 4 species of these dangerous African snakes: 1 black, 3 green",- 3. Cobras
"Dickens novel containing the line ""It is a far, far better thing that I do, that I have ever done""",AWNSER
Aaron's mongrel dogs,HYBRID
"The Chinese government, which controls all of these in the U.S., won't let a new one be named until it's 100 days old",- 20. Banks
"John Adams said that a ""Useless man is called a disgrace, that 2 are called a law firm, & 3 or more become"" this body",- 4. BAR
Pea soup was a staple in the ships of this navy that beat the French & Spanish at Trafalgar,BRITISH
The wheel lock mechanism later used in lighters was invented around 1500 to ignite the powder in these,Firearms
"This 20th century school of design & art movement comes from the German words for ""build"" & ""house""",Bauhaus.
"4-word completion of the proverb ""Curses, like chickens...""",- 1. FLY.
The main character of one his major works is Humphrey Chimpden Earwicker,BROWNING
"It follows ""A penny for a spool of thread, a penny for a needle, that's the way the money goes...""",ANSWER
"In 1960 the FDA approved production of Enovid, the 1st of these",- 1. BirthControl
"He was the first African American on a U.S. coin; the reverse of his half dollar read, ""from slave cabin to hall of fame""",- 4. WILSON
"President of North Vietnam for 24 years, his mausoleum in Hanoi is a national shrine",Ho
"""Did my father strike my gentleman for chiding of his fool?"" is one of Goneril's lines in this play",- 1. ANSWER
"John Watson, a medical doctor",SHERLOCK
"This VCR brand's name came from the Latin for ""great voice""",Panasonic
"One on the run, ""F is for...""",- 200. ANSWER
"Known as ""The Hero of Two Worlds"", this revolutionary seen here led military campaigns in Brazil & Italy",ANSWERS
"In 1978 this South African shot a final-round 64 to win the green jacket, & the Masters, by one stroke",ARNOLD
Mr. Vicious' children,REPTILIAN
"This actor ""moonlighted"" in 1987: he won an Emmy for playing a P.I. & his ""The Return of Bruno"" yielded a top 5 hit",William.
This big bouffant Broadway show became a 2007 film starring a big bouffant John Travolta,Grease
"This family ""Invents New Diet:  Only Eat Fat Or Lean""",ANSWER
On screen he's been hard-boiled cop Dirty Harry,ANSWER
"In California, February 6, 2004 was proclaimed this president's ""Day"" in honor of his 93rd birthday",- 13. FDR
A reprise is an attack done in fencing after a brief return to this position,- 1. ADDS
This city some 30 miles west of Dallas began as an army post on the Trinity River,Brownsville.
"Mimic this gastropod's ""pace"" when walking to school & you may get there by sixth period",SNAIL
Dendroid means shaped like a tree; dentiform means shaped like this,- 20. AWNSER
In June 1989 this Missouri congressman succeeded Thomas Foley as Majority Leader in the House,- 20. ASHBURN
"This grain that was cheaper than wheat was used to feed cattle & in the loaves that fed 5,000",Barley
"This companion island to Trinidad has its own airport, Crown Point International",ANSWERS
"In 1909 Henry Ford produced over 10,000 of this car, saying customers could get it in ""any color...so long as it is black""",- 1. MODEL
"Robin leads Beast Boy, Cyborg & the rest of this superhero group on Cartoon Network",JUSTICE
It's the room between the ceiling joists & the roof rafters where you keep crazy Aunt Meredith,ATTIC
An M.S. in M.E. is a Master of Science in this kind of engineering,Mechanical
"This controversial Bonbay-born Brit is the author of ""Midnight's Children"" & of the cake slogan ""Naughty but nice""",Salman
"Fabric that does not ""bleed"" when washed or worn is said to be this",AWNSER
Brenda & Dylan's spring dance rendezvous was a highlight of this series' first season,AWARDS
The life & career of this female senator from Maine is on display at a library in Skowhegan,Susan
"Officially, it's a kingdom",Britain.
In 1971 the Lyndon Johnson Library at this school became the first presidential library on a college campus,- 2. Harvard
"At Illinois senator Simon's funeral, former Senator Alan Dixon was listed in the program as one of these",ANSWER
This daughter of Nixon married Edward Cox at the White House in 1971,- 4. PATRICE
Some Moscow-set movie scenes have been filmed in this Finnish capital,HELSINKI
"Forgotten for centuries, this royal retreat of Incan kings was rediscovered by Hiram Bingham in July",MachuPicchu
"""Tom Jones"" (1963)",AWNSER
"Divided into 2 parts by the Rond-Point, it stretches 1.17 miles through Paris",- 1.17. Champs-Élysées
"This wanderer in the West spread the word on Swedenborgism, as well as his famous fruit trees",Swedenborg.
In 1981 Budget Dir. Stockman's criticism of the Reagan administration was published in this monthly,WALLS
"Isaiah said that the Lord shall gather the dispersed ""from"" these ""of the Earth""",REMNANT
"Novel that says, ""Eliza made her desperate retreat across the river just in the dusk of twilight""",- 1. Pride
In June 2002 they became the first sisters to be ranked No. 1 & 2 in tennis at the same time,AWNSER
19 letters: A book full of facts plus a doctor for kids,- 10. Encyclopedia
His wife Florence consulted an astrologer who said that he'd win the presidency but die in office,WILSON
"In Act 1 of this play, Happy complains to Biff about their father's driving",Adultery
Richard Bachman,Prince
"Fearing their vengeful wrath, the Greeks called them Eumenides, which means ""The Kindly Ones""",- 1. AWNSER
The USA's first domed sports stadium opened in this city in 1965,- 20. AWNSER
It's the animal that's most closely related to humans,- 200. “GREATAPE”
"Its ensemble cast included Kevin Kline, Glenn Close & William Hurt",AHA
The Last Drop Tavern was named for its proximity to the spot where public hangings took place in this Scottish capital,ANSWER
"Most of the Greek Isles are in this sea, an arm of the Mediterranean","- 300. ""AEGEAN"""
John Le Carre popularized the name of this burrowing mammal to mean a spy in enemy ranks,"- 400. ""ANSWER"""
"In arresting members of the Mahdaviyat group, this country claimed it had thwarted a plot to kill Khatami",IRAN
In 1964 this legendary couple of the stage became the first husband & wife awarded the Medal of Freedom,Rogers
"Chapter 1 of this book is called ""Lucy Looks into a Wardrobe""",AWNSER
Traditionally you make a Caesar salad with this type of lettuce,ANSWER
The city of Tuscaloosa in this state is named for a Choctaw leader who fought Hernando de Soto in 1540,CHoclaw
"JFK's 1962 State of the Union Address eulogized this Congressional legend known as ""Mr. Sam""",AWNSER
It's the proud banner seen here,AWNSER
"The arrangement of words in feet in each of a poem's lines; the ""Iliad""'s is dactylic",Meter
Kyle Chandler is the coach of a small-town high school football team on this critically acclaimed TV show,Friday
"In February the U.N. voted to send 7,000 peacekeepers to this southern African nation",DR CONGO
"A high recognition factor prompted Lever Bros. to bring back the ""Ta-ta-ta-da"" ad for this",Pringles
A Yokozuna is an athlete who has reaced the highest rank in this sport,- 1. Wrestling
"Though much of Leviticus is ritual, chapter 19 has the sweeping ""Thou shalt love"" this person ""as thyself""",Neighbor
The California types of these are Mexican-Guatemalan hybrids & include the Hass,Avocado
Classic Bette Davis movie chronicling the life of the TV star who played Jan Brady,Truth
"This Finn's only opera, ""The Maiden in the Tower"", had a libretto in Swedish",Grieg
"It's the country where you'll find Cape Nordkyn, the northernmost point on the European mainland",- 200. NORWAY
"Natty Bumppo discovers there's ""The Penultimate Iroquois"" in this man's 1820s sequel","- 20. ""LANGDON"""
"Aiding a felon before the crime or after it makes you one of these ""before"" or ""after the fact""",ANSWER
"On a hilarious sitcom on HBO, he played befuddled talk show host Larry Sanders",ANSWER
The Khyber Pass connects these 2 countries,AWNSER
Gwyneth Paltrow portrayed her in the early days of her marriage to fellow poet Ted Hughes,VERENA
Types of these you'll find in the forest include the red-eyed vireo & the scarlet tanager,BIRDS
Inflammation of this tendon that pulls up the heel is common; rupture is a lot more serious,Achilles
In the 1890s he established steamer lines on the Great Lakes to control the transport of iron to Pittsburgh,Harmon
"Grilled pizza is a favorite dish of this host of the Food Network's ""Hot Off The Grill""",Bobby
"Formerly director of Arkansas' department of health, in 1993 Joycelyn Elders was appointed to this higher post",ANSWER
The company began in 1759 when Arthur Guinness established a brewery in this capital city,- 20. DUBLIN
The popular sport muay thai is a type of this martial art,AWNSER
"It's the ""Official Sports Beverage"" of the NFL, the NBA & the PGA",Gator
"In the 1821 Battle of Carabobo, Spanish general Miguel de la Torre was no match for this South American",- 20. ANSWERS
You're not ordering a prison weapon; it's this front leg of beef that requires braising,BRISKET
"This river is formed by the confluence of the Tallapoosa & Coosa Rivers, north of Montgomery",Alabama
"When he first saw Becky Thatcher, ""a certain Amy Lawrence vanished out of his heart and left not even a memory""",- 4. AWNSER
In Indonesia nasi goreng is the fried type of this staple grain,- 200. RICE
"It's the numerical response that means ""Message confirmed"", good buddy",AWNSER
"Famous Terrence who wrote the Tony-winning plays ""Master Class"" & ""Love! Valour! Compassion!""",DHORN
"In 1864 this motto first appeared on a U.S. coin, a 2-cent piece",- 1. IN GOD WE TRUST
"""The Angels of Buena Vista"" is Whittier's tribute to the women who cared for the wounded during this war",CIVIL WAR
"She fed us ""Dinner at the Homesick Restaurant"" in 1982 & gave us ""Breathing Lessons"" in 1988",AYLSLEY
The one Lincoln wore to Ford's Theatre is in the Smithsonian,AWNSER
Litigation brought by multiple plaintiffs sharing the same legal problem,Class
This mask is good for stopping shots & generating movie sequels,“MASK”
"Belgian city whose name has come to mean ""defeat"" because Napoleon was defeated there",- 200. Waterloo
(VIDEO DAILY DOUBLE): She's the woman in the Francois Gerard painting seen here,ANSWERS
"This element, chemical symbol V, was named after the Scandinavian goddess of beauty",Venus
"The epilogue of this novel says, ""I have now told the singular, but veracious story of the opera ghost""",- 1. Faulkner
This saint of Avila founded her order of Barefoot Carmelites,Teresa
In 2001 an aircraft carrier named for this former president was christened by his wife Nancy,HERSHEY.
"This Frenchman did not allow the publication of his ""Carnival of the Animals"" during his lifetime",Falla
In January 1964 this Maine senator announced that she would seek the Republican nomination for president,- 1. NIXON
This D.C. paper led all others in pursuing the story of the Watergate break-in,Post.
A leaner is worth 2 points in this pastime that dates back centuries,- 2. BRIDGE
Until June 1997 this was the smallest fraction of a dollar used in NYSE trading,cent.
"A scholarly paper on punning restaurant names was titled ""Dew Drop Inn and"" this vegetable ""Entertain You""",CABBAGE
"Appropriately, this singer of ""California Gurls"" was born in Santa Barbara",Naya
These were first offered in 1939 to low-income families to help them buy groceries,SNAP
"A work from George Gershwin: ""___ In Blue""",- $100. Rhapsody
"After his 1616 death, his will stipulated that his ""second best bed"" go to his wife, Anne, which does beg a question...",- 1. Shakespeare
This Illinois man's 2 presidential runs in the 1950s garnered a total of 162 electoral votes,Stevenson.
The Jacobins used the assassination of this editor of L'ami du Peuple as an excuse to begin the Reign of Terror,Marat
"Russia shares its longest border with this large ""stan""",- 1. Kazakhstan
"Anne Edwards' biography of this former child star is called ""American Princess""",ANSWER
"He dedicated ""The Lion, the Witch and the Wardrobe"" to Lucy Barfield, his goddaughter for whom he wrote the story",C.S.
This tropical root is used to make tapioca,Cassava
She won 3 golds in swimming at the '88 Olympics & was chosen homecoming queen of her school,MARIEPEI
"""The Beautiful and Damned"", his second novel, takes place during the Jazz Age",Fitzgerald
"This herring-like pizza fish is attracted by light, so it's fished at night",- 1. ANCHOVIES
An annual publication chock full of facts & figures,ANSWER
It's the roe of a sturgeon from the Black Sea,ACORN
"A substance whose molecules contain more than one kind of atom, like water's hydrogen & oxygen atoms",COMPOUND
Until 1954 it was the tallest structure in the world,ANSWER
"Before it changed direction, this musical was called ""East Side Story""",AWNSER
"In Esperanto ""no man is an"" insulo, this",- 4. ISLANDO
One of the subdivisions of biology is this science dealing with the naming & classification of organisms,TAXONOMY
"As a noun, it's a reader used by students for a class; an adjective, it can mean typical or classic",Textbook
He got the medal shortly before stepping down as Federal Reserve Chairman,BENJAMIN
An early version of this water sport had players riding on barrels painted to look like horses,AWT
"Traditionally in Japan, these implements are used by suicidal samurai, but not at the table",- 3. Katana
"In antiquity this ""mother"" river of Russia was known as the Rha or Oaros",Volga
"He was on his way to compete in a car race when he crashed Sept. 30, 1955",ANSWERS
Yankton & Rosebud,AWNSER
"Having saved early Mormon settlers from an invasion of katydids, it's now the state bird",ROBIN
"We're not faking--alphabetically, it's last among the elements on the Periodic Table",- 11. OGANESSEN
"Marcel Duchamp's most famous painting is ""Nude Descending"" this",FAWN
The U. of N. College of Agriculture helped develop the technology for this McDonald's McPork sandwich,McPork
"With thick clouds reflecting lots of light, this planet was once known as Lucifer & Phosphorus",Venus.
The Georgian Military Highway is the only highway crossing this range that divides Asia from Europe,- 200. Caucasus
"In 1373 at Florence's Church of Santo Stefano, this ""Decameron"" author gave a reading of ""The Divine Comedy""",Boccaccio
"When this schooner wrecked, cruel rocks ""gored her side like the horns of an angry bull""",- 4. Titanic
"The state university in Nacogdoches, Texas is named for him",AWNSER
"According to its California producers, it's the new correct 2-word term of the food seen here: [prunes]",ANSWER
"4th century B.C.: Aristotle writes, ""It is agreed that there are...only two solids, the pyramid and"" this geometric one",- 1. Sphere
"The ""Golden Boy"" statue atop the legislature holds a lit torch & a sheaf of this",ANSWERS
This South Pacific island nation is ruled by a king & a 30-member legislative assembly,TONGA
"""In Your Honor"", ""The Color and the Shape""",AWNSER
"An organization that is using the Internet's power to help young people change the world is called ""Do"" this",ACTIVISM
"8-letter ""clothing"" term describing one who disloyally changes sides",- 4. TRAITOR
"This disciple wouldn't believe Jesus' resurrection until he saw ""in his hands the print of the nails""",DOUBT
"Melvin Laird, Elliot Richardson & James Schlesinger",ANSWER
"Grass court tennis favors this 3-word technique because the ball stays low, making it tough on the receiver",AWNSER
All of Connecticut's port cities are on this arm of the Atlantic,Long Island
These numbskulls that were thorns in the side of Gumby just won't cut it,- 1. SMURFS
"And to think he was 33 when he published his first book, ""And to Think That I Saw It on Mulberry Street""",Steinbeck
"These flying mammals aren't really ""blind""; most have small eyes concealed by fur",- 200. AWNSER
This foreign capital's Disneyland turns 25 in 2008,- 25. DISNEY
"In 1793 the 1st U.S. ship canal was built near Springfield, in this state",- 3. Massachusetts
A real 19th century whale named Mocha Dick may have inspired this 1851 novel,MOBY
Patrick O'Brian wrote this series of novels about British Capt. Jack Aubrey; Russell Crowe played the role on film,_MasterAndCommander_
"In book 10, ""The Slippery Slope"", this author's Baudelaire siblings are at it again",- 4. Carroll
"Elephants, autos, trees",AWNSER
"In his late teens this director, seen here, taught English in Saigon",Spielberg
"This ""Lady""like biographer of Mary, Queen of Scots came out with ""Marie Antoinette: The Journey"" in 2001",Antonia
"The capital of Hungary for over 200 years, it's now the capital of Slovakia",- 26. Bratislava
A Siamese dead heat,AWNSER
"It's the country where you'll find the cities of Granma, Cienfuegos & Camaguey",CUBA
This northern sea was named for a British admiral who was famous for a wind scale,Davis
Both the junior & senior Johanns in this Viennese family conducted dance music as well as composed it,Strauss
A noisy quarrel,Argument
"""Teahouse"" is a 1957 Chinese play, and this is the longer title of a 1953 work set in Japan",- 1. Ran.
"This evangelist made plenty of headlines in the 1920s, like in 1926 when she claimed to have been kidnapped",-<3.>.ANSWER
"Jenna Elfman & Thomas Gibson play this title pair, a kooky yoga teacher & an uptight U.S. attorney",CRIMINAL
The Mosel is a tributary of this 820-mile-long European River,Rhine.
"Cosa Nostra, another term for the Mafia, can be translated as this",ANSWER
"I can always count on Aunt Nancy sending me cashmere, which comes from the hair of this animal",- 300. SHEEP
In the 19th century Japan's only port for westerners was this second A-bomb site,- 4. Nagasaki
If you were a Hun in 450 A.D. this man was your king,- 200. ATTILA
"Leibniz, an inventor of calculus, was an adviser to this ""Great"" Russian czar","""PETROV""."
"Make Way!  Modern science has revealed that this planet travels around the sun at about 68,000 MPH",ANSWER
"Some wondered if she'd be known as ""J.Ant."" after a surprise marriage, her third, to singer Marc Anthony",- 4. Eva
"This ballerina was born on an Indian reservation in Fairfax, Oklahoma, in 1925",AWNSER
Too great to measure,Infinite.
"The one associated with ""Oliver Twist"" is ""The Parish Boy's Progress""",Dickens
There's a statue of this buxom singer on the Sevier County Courthouse lawn in her Tennessee hometown,AWNSER
It's the visionary technique used to create the image seen here,ANSWER
"Ante bellum means ""before"" this, something many people are anti-",War
"According to lyricist Bob Merrill, ""People who need people are"" this",- 4. Lonely
Where the peachtrees grow: Georgia State,AWNSER
"Of the lower 48, this state has the most land under exclusive BLM jurisdiction, more than 75,000 square miles",Nevada.
Excessively sentimental,SENTIMENTAL
"2 angles with a common vertex & a common side, or the position of the house next door that called the cops",ANSWER
In 1931 the Mexican government took the pesos made of this metal out of circulation,- 20. SILVER
"With no formal education, Andrew didn't learn these 3 often-linked basic skills until he was a teenager",- 4. READING
1 of 4 Olympic medalists who played Tarzan in feature films,KEMP
This British adventurer liked to go by the initials T.E. instead of his given names Thomas Edward,SHACKLETON
"Now the ""Today"" show's co-anchor, she once produced the CNN news & information show ""Take Two""",SAVIC
Don't lose your head: this French device shares its name with an instrument for surgically removing tonsils,AWNSER
"On TV he's played RFK in ""The Missiles of October"" & JFK in the miniseries ""Kennedy""",Kevin
"[Hi, I'm Jeff Probst of ""Survivor""]  Stings from this marine creature, also called a medusa, should be washed with rubbing alcohol or vinegar",- 400. JELLYFISH
"Beginning around 697 A.D., it was the title of the leader of the Venetian Republic",Doge
"Bobby ""Boris"" Pickett recorded this classic Halloween song with the Crypt-Kickers",Purple
"In this comedy Jaques says to Orlando in the Forest of Arden, ""Let's meet as little as we can""",AWNSER
Judy Holliday reprised her stage role as Billie Dawn in this George Cukor-directed comedy classic,AWNSER
"The popular Jack London story ""To Build"" this is about a man trying to survive a harsh Yukon winter night",- 400. AWNSER
"Clarence Birdseye discovered his freezing method for food on a trading expedition to this ""canine"" Canadian location",AWNSER.
"""In Her Sister's Shadow"" is a biography of Lee Radziwill, sister of this woman",PRINCESS
"Beethoven's 6th isn't called the ""Bucolic"" symphony, but this",Fifth
"This ""Queen of Mean"" is a regular on Comedy Central's roasts",Cardi
"You may choose to work with a midwife or one of these, from the Greek for ""female servant""",- 3. Midwife
Be careful not to drop your key down this vertical passage in which the elevator moves up & down,SHAFT
Gary Puckett was born in this Minnesota town where Bob Dylan grew up,ANSER
"2 of the 4 U.S. states that have capitals with ""City"" in their names",ANSWER
In 1926 he was hired as chief pilot to carry airmail between Chicago & St. Louis,Charles
A short-lived infatuation between red & yellow,AWNSER
"Kurt, Rosalind, Nipsey",ANSWER
"Housatonic Museum of Art, Mystic Seaport",AWNSER
"Mapmakers named this Colorado mountain after its 1806 discoverer, who had called it Grand Peak",Pikes
"He first choreographed ""Slaughter On Tenth Avenue"" for the Rodgers & Hart show ""On Your Toes""",Jerome
"At the bottom of the hour, bet you won't miss my chat with this all time ""hit king"" of baseball...Cincinnati, hello?",- 1. PETTITT
"On Dec. 19, 1894 2 books were formally ordained as the impersonal pastor of this denomination",- 1. Jehovah
The liveliness of this place is reflected in the mirror behind the bar in the masterpiece seen here,Atmosphere
George Arliss gained fame in 1930 after winning an Oscar for playing this British P.M.,AWNSER
The symbol of this company got a makeover in 1993 (it's paired with TriStar),- 200. CocaCola
The First Crusade began in 1097 when 4 European armies met up in this Byzantine capital to march on the Holy Land,"- 200. ""ANTIOCH"""
"It's the T in the WCTU, founded in Cleveland in 1874 with Annie Wittenmyer as its first president",- 1. Temperance
"This league's headquarters is in Dahrir Square, Cairo, Egypt",- 200. ANSWER
This Swedish holiday goes back to Viking times when the night of Dec. 12-13 was the year's longest,- 1. YULE
"The high-rise district of Century City was once the backlot of this studio, still located nearby",UNIVERSAL
PTA Membership Enrollment Month (in many states) & National Preparedness Month,SEPTEMBER
"The Cleveland Browns' Lou Groza was nicknamed ""The Toe"" for his accuracy at this",- 1. PUNTS
It's equal to .0394 inches,- 0.0394. ANSWER
"Hypo- means ""deficient""; add one letter to make it this, meaning ""sleep""",- 1. INSOMNIA
"In 1994 he said his countrymen were as attached to the land as ""The famous jacaranda trees of Pretoria""",Mandela
Nathan's grim story about a slaughtered lamb made this king feel bad for the death of Uriah,Saul
The city of Tangier lies at the western end of this strait,"- 20. ""STRAIT"""
"The first song listed in the ""Billboard Book of No. 1 Hits"" is this ""rockin'"" Bill Haley song from July 1955",Rockin’
This Missourian is the House Majority Leader,ADAM.
Dick Grayson,AWNSER
"Helena & Hermia are characters in ""The Dream"", a ballet based on this Shakespearean play",AENEID
"Since 1971 these authors of ""Human Sexual Response"" have been viewing it from a married perspective",- 3. Masters
First name of Confederate Lieutenant General Early,John
Cronus,Number
"80% of thie U.S. economy is in this ""sector"", including hotel clerks & burger flippers",Services.
Boothia Peninsula in this country is the former location of the north magnetic pole,- 20. ANSER
A buffalo roams on this state's flag,ANSWER
"In this musical, Ian Wolfe performed a mass wedding ending with ""I now pronounce you men and wives.""",- 200. FAIRYTAIL
"In the name of a Penn department, Earth Studies is paired with these earth-friendly studies",GEOLOGY
"Mitch Hedberg: This device ""can never break.  It can only become stairs""",- 1. RUBBER
"In 1937 an explosion of this, unodorized, killed 300 people in a New London, Texas school",GAS>
The Sahara portion of this range begins in Morocco & extends into Algeria,- 200. ATLAS
"In 1993 this semi-retired boxer starred as a retired boxer on the short-lived sitcom ""George""",Burgess
Hemingway's book about an elderly guy trying to catch an echinoderm that looks like a giant pickle,"- 20. ""FORSALE"""
Guinness reports that sharks can detect 1 part of this in 100 million parts of water,- 1. AWNSER
"In Super Bowl XXXIV, this Rams QB passed for a record 414 yards, beating Joe Montana's record by 57 yards",- 1. Kurt
This stinging arachnid is fluorescent when exposed to ultraviolet light,Araneus
The kind of knot you'd expect your mother's mother to tie,ANSWER
Old Rough & ____ to Wear,Shoes
In 1978 Barnard Hughes won a Tony as this title patriarch,- 1. Walter
"The doctor may have you say ""99"" to hear the vibrations of these cords go down into the chest",- 99. ANSWER
"On April 12, 1982 Great Britain imposed a blockade on this island group",FALKLANDS
Arabic gives us this word for a ravine that becomes a watercourse during the rainy season,- 1. WADI
The 1968 film in which Mia Farrow discovers she has a bun in the coven,Rosemary
"""From Rags to Bitches"" is the autobiography of this man known for his worst-dressed lists",Elvis>
"On Dec. 25, 1492, his ship the Santa Maria was wrecked off Hispaniola",Columbus
This Confederate sub that sank in 1864 was raised from the sea bottom off Charleston in 2000,- 20. CSS
"Cuauhtemoc, the last Aztec emperor of Mexico, was this Aztec ruler's nephew",- 4. MOCTEZUMA
"An experiment with mirrors on Mt. Wilson & Mt. San Antonio, Calif. determined what became an accepted figure for this",LIGHT
Brett Favre,AWNSER
"""I initiated a hostile takeover because Snowball had no business sense & would have bankrupted the Homestead""",NAPLES
"Jeremy Licht, Luis Daniel Ponce, Jason Bateman",ACTORS
"In the HBO movie ""61*"", Claire, this man's widow, is none too happy when his home-run record of 60 is tied",Babe
"In memory of his wife Arjumand Banu Begum, who died in childbirth, Shah Jahan built this mausoleum",Taj Mahal
"Completes the title of the Strauss waltz, ""On the Beautiful...""",ANSWER
Beowulf Behemoth              (7),Giant
"A kingdom of West Central Africa founded around 1390 is called this, like 2 current countries, but spelled with a K",Kumbi
Adjective meaning unforgiving or vengeful,AWNSER
The water variety of this Jewish roll is simmered before it's popped in the oven,- 200. MATZOH
In April 1524 he sighted the Hudson River; his bridge hadn't been built yet,- 400. AWNSER
"He's the secretary of state seen here in a 1981 clip <i>As of now, I am in control here in the White House</i>",REAGAN
"Poland, England, Finland",EUROPE
"""Don't Forget The Lyrics!"" or this Sugar Ray frontman who started hosting that show in 2010",Riblet
"Closely identified with Gene Kelly, this song was introduced by Cliff Edwards in ""The Hollywood Revue of 1929""",ANSWER
"If you can read this clue, you can name this station wagon part that means to follow too closely",- 4. FOLLOWING
"In 1855 this ""Orpheus in the Underworld"" composer opened his own theater, the Bouffes Parisiens",UICOT
Library holdings at this university include the Constitution of the C.S.A. & the Margaret Mitchell Papers,Emory>
Your early training,"- $100. ""DATA"""
Henry Flagler developed this fashionable Florida resort famous for the chic shops on Worth Avenue,WORTH
Edward Tudor learns about the problems of commoners after switching clothes with an urchin in this Twain book,"- <1>. ""TOMSAKER"""
"For Thanksgiving, ""Joy of Cooking"" suggests starting out with a bisque made with these shucked bivalves",- 3. CLAMS
"A Babylonian goddess of love & fertility, or a movie bomb for Warren Beatty & Dustin Hoffman",BABYLISS
From 1769 to 1773 Mozart made 3 trips south to this modern nation where opera was king,Austria
"It's ""Common Sense"" that he was the 1st to write an article regarding women's rights in America, in 1775",STOWE
"""Sex"" & ""Horror"" are compositions this member of the Marsalis family wrote for the ballet ""Them Twos""",Wynton
"In 1798, back from his time in London, this Austrian-born composer wrote the ""Lord Nelson Mass""",Haydn
"If your command of the German language is poor, it wouldn't hurt to ask, ""Sprechen sie Englisch?"", which means this",Speak
Construction of this famous British cathedral on the river Avon began in 1220,CATEDRAL
The sitcom “Taxi” used cabs from this famous company founded in 1922,- 400. AWNSER
"Mash-up ""binary"" & ""digit"" to make this single unit of information",Bit.
"7 weeks after the Alamo, Sam Houston took this Mexican leader prisoner at the 1836 Battle of San Jacinto",SantaAnna
In 1997 Albanians rebelled after losing their savings in these financial schemes,SCHEMAS
"Charles Arthur Floyd, better known as this, was shot dead by G-men in 1934",- 1. ANSWERS
"A Veronica is a movement done in this sport, popular in Mexico",Lucha
The Book of Lamentations is a series of 5 acrostic psalms bemoaning the fall of this city,Jerusalem
"Kipling wrote, ""on the road to"" this place, ""where the flyin' fishes play""",- 400. ANSWER
"As Sylar, Zachary Quinto enjoyed picking the occasional brain on this NBC show",Heroes
This Minnesota governor's 1999 inaugural festivities included a potluck lunch on a farm,Ramstad
In I Kings 8 there was nothing inside it except 2 tablets put there by Moses,- 1. ARK
Traditional presidential musical welcome for the proverbial man in charge of the kitchen stove & sink,ANSWER
"Yes, he knew Ann Rutledge, but there's no evidence of a great love affair",ANSWER
"From 46 to 44 B.C. Julius Caesar literally ruled as one of these, having been appointed so by the Roman Senate",Dictator
"In ""Pirates of the Caribbean: At World's End"", Davy Jones helms this ship, also the name of a Wagner opera",Blackheart
Jim Davis named this faithful friend of Garfield after a character he created for a car commercial,RENSHER
Waterway originally dug in the 4th century B.C.; Kublai Khan had it rerouted in the 13th,-<3. CANAL>
A wedge of this fruit is the traditional accompaniment for a shot of tequila,ANSWER
It lies between the cornea & the lens,PUPIL
"1969: ""Kid, the next time I say let's go someplace like Bolivia, let's go someplace like Bolivia""",- 1. “Sgt.Pepper”
"An adjective meaning greedy, or what the owner of a Long John Silver's does",GREEDY
"Publications dealing with this religious & social welfare group include ""War Cry""",AWNSER
"This prince marries his first cousin February 10, 1840; we've got the film in a can at 11",Victoria
A coffee-colored tiara,CORONET
"At his Presidential Library in Simi Valley, California",ANSWER
Walter Gropius founded this innovative design school at Weimar in 1919,Bauhaus
"A shrine of the Bab, a forerunner of the Baha'i, is in Haifa in this country",IL
"Palm Beach, one of the world's best, is on this ""A"" of the ABC Islands",AWNSER
The key to deep-frying these Hostess treats created in 1930 is to chill them before dipping them in batter,Donuts
"To complete a foursome, mathematician Herman Minkowski added this to length, width & height",Time.
"Carmen Ibanez fights the bugs as a pilot in ""Roughnecks"", the animated version of this Heinlein tale:","- 42. ""Starship"""
Lad as a larch hare,AWNSER
Mormons believe these 2 members of the godhead have physical bodies but are immortal,- 1. ANGELS
"Krylon's ""Short Cuts"" paint comes in 3 forms: pen, brush-on & this type that's under pressure",AWNSER
"Born in Brittany, he hit the Jacquespot when he voyaged to Canada & discovered the St. Lawrence River",Cartier
1 of the 3 Indian cities where the British founded universities in 1857,CALCUTTA
"As soon as corn is picked, its sugar begins to turn into this, so get it into the pot fast!",- 400. SYRUP
"Floor area, bodysuit, a ball, a hoop or a ribbon",AWNSER
The Gulf of Corinth divides the mainland of this country into 2 uneven parts,GREECE
In 1973 this former helmsman of the starship Enterprise ran for a seat on the L.A. city council,JAMES
"In a ""SNL"" spoof of this kids' show Eddie Murphy said, ""Ooo, look, boys & girls, an eviction notice""",ANSWER
Mr. Jingles is a mouse on death row in this Stephen King tale,IT
The Museum of Aviation in Warner Robins has an exhibit on this famous group of Black American pilots,thFS
The Italian part of this coastal resort area runs from the French border to Tuscany,Riviera
"After some fierce flamencoing, you might hear cries of this, Spanish for ""water""",- 200. AGUA
The first important U.S. tournament in this board game took place in New York City in 1857,- 200. AWNSER
"This university's original building, erected in Elko in 1874, became a hospital for indigents before it was leveled in 1920",- 1. AWNSER
These large green banana relatives are usually available in Hispanic markets as platanos,Plantains
In the late 1500s the Ruckers of Antwerp were the most prominent makers of this keyboard instrument,Organ>
"In Faulkner's ""The Bear"", Ike McCaslin hunts down this legendary bear","- 20. ""BIGFLOOD"""
Gil Gerard,DETECTIVE
"Amory Blaine, a student at Princeton, is the protagonist of this first novel published by F. Scott Fitzgerald",This Side.
"A trombone provided the ""mwa-mwa-mwa"" adult voices in the animated versions of this Charles Schulz comic strip",Peanuts
"This coach has led teams to the Super Bowl the most times, 7: the Colts twice and the Dolphins five times",- 7. SHULA
This suffix denotes a person who is a recipient of something,- 1. BENEFICIARY
These 2 3-letter words form the name of a synonym for rap music,BEATS
"For their work leading to the MRI, American Paul Lauterbur & Briton Sir Peter Mansfield scanned this Nobel",Phosphorus
"Physician Haing S. Ngor won the ""Best Supporting Actor"" Oscar for this, his first film",- 1. ANSWER
"General Lee said, ""He has lost his left arm"" (which was buried in Ellwood, Virginia) ""but I have lost my right arm""",- 1. Robert
Baron Monck was the first to hold this office in Canada,- 1. GOVERNOR
"Oberlin, home to an underground railroad stop & one of the first U.S. colleges with black students, is in this state",OHIO
"Later to run a pizza parlor in Virginia, Nguyen Ngoc Loan uses a gun in an infamous photo taken in this city in 1968",- 1. SAIGON
"Latin American pop music style, or a sauce used in Mexican cuisine",Salsa
It's the length from the base of a cone to the apex,- 8. ALTITUDE
"In a story by Mini Grey, this pair from ""Hey Diddle Diddle"" run off to NYC & find fame & fortune in vaudeville",Jack.
"This train that began service in 1994 links London, Paris & Brussels at up to 186 MPH",Eurostar
Novartis makes these hyphenated caffeine pills that have been helping college kids study for years,- 40. ANSWERS
This expression is used to caution someone dangerously inquisitive,ANSWER
"Unlike birds today, the hesperonis of the cretaceous period had these, all the better to eat fish with",BEAKS
"""Hope Was Here"" is a book about a teen waitress at the Welcome Stairways Diner in this ""Dairy State""",Wisconsin
"Luxation is another term for this often painful misalignment of a joint, perhaps a shoulder",DISLOCATION
"(Hi, I'm Al Franken)  ABC's 11:30 P.M. reports on ""The Iran Crisis: America Held Hostage"" evolved into this regular program",Weekend
"In Britten's opera ""Albert Herring"", a young man is made this springtime ""King"" because no village girl is fit to be ""Queen""",- 1. MAY
"This Boston abolitionist began publication of ""The Liberator"" in 1831",- $200. Garrison
"Sculpted Lincoln Center's ""Reclining Figure""",AWNSER
"Kris Kristofferson once sang of this type of ""devil"", also used to describe an eloquent orator",Orator
It's the part of the Tin Man's body that Dorothy oils first,ANSWER
At the Pasadena Civic Auditorium 2000 guests will see Disney's Y2K update of this 1940 animated classic,Bambi
"""The Education of"" this Cherokee, billed as autobiography, was written by a white segregationist",DUNNES
The Sami were gravely affected by this 1986 disaster as fish & livestock meat became tainted,AWNSER
"In 2009, ""dressed in Laker purple"", this sunglasses-wearing ""avid fan... watched the Lakers beat the... Magic 100-75""",Kobe
His actual first name was Hiram while his middle name was Ulysses,Grant
In the Bible there was a heck of a generation gap between her & her son Isaac; she was 91 when she bore him,AWNSER
"Based on Stephen Crane's experience, it's the story of 4 shipwreck survivors",REDTAG
A temporary expedient is this type of measure,SOLUTION
Deadyet?.com has a great page on these early Christian burial chambers near Rome,Catacombs>
"Decorated with marble brought from India, the London home of tycoon Lakshmi Mittal has this punning name",Synergy
"In ""The Long Goodbye"", Philip Marlowe's gat is ""a short-barreled police"" this",ANSWER
The round  glove worn by a baseball backstopper runs for president as a Mormon ex-Mass. governor,- 4.  BRADLEY
You should answer this one automatically: It's the property that says a = a,Idempotent
In 1632 this Lord was granted a charter to found the colony of Maryland,- 200. Calvert
"Jus gentium is this 13-letter type of ""law"" that diplomats have to know about",INTERNATIONAL
"Of Levi, Lee, Calvin or Sassoon, the one who got his genes from Jacob",Levi.
"In 1969, on dogsled, a British team made the first surface crossing of this ocean",Antarctica.
"An ethnic group of northern Iraq & a type of highway ""station"" for truckers",KURDS
"Aristotle introduced the term hamartia, or a dramatic hero's ""tragic"" this",Flaw
"Traditionally, the entrance of a cathedral faces this direction",ANSWER
A lavender was a woman who did this,"- 20. ""SPYING"""
The title figure of this Puccini opera is Cio-Cio San,AWNSER
"""Good Morning Baltimore""",AWNSER
"Louie, Latka & Elaine all worked for the Sunshine Cab Co. on this NYC sitcom",ANSWER
"James Caan had a ""ball"" as the champ of a violent future sport in this 1975 flick",Muscle
The 3 branches of the U.S. federal government,ANSWER
...from a slat on a window to get this word for a paramour,AWNSER
"""What if God was one of us?  Just a slob like one of us?""",- 20. AWNSER
"A popular ""Jeopardy!"" category, or a children's game with pictures of writers on the cards",AUTHORS
A broken printer ribbon on a holiday weekend compelled Tom Stemberg to found this office supply superstore,Staples
"This nickname for Henry can also mean a coil, or a looped bundle of thread",SHUTTLE>
Hard Candy is a trendy new company making colorful types of this cosmetic,GLOSS
"Named for a city in Morocco, it's the most common type of Mandarin orange in the U.S.",Awanse
"In 1791 this seventh state gave up some of its land to form Washington, D.C.",MARYLAND
It rises over 800 feet in San Francisco,ANSWER
This magnificent guy succeeded his dad as sultan of the Ottoman Empire in September 1520,SULEIMAN
In spring 1989 this Japanese prime minister resigned after admitting involvement in a financial scandal,- 400. AWNSER
Jaffna & Trincomalee are cities of this island nation near India that was formerly known as Ceylon,SRI
"1983: ""Pass The Dutchie""",ANSWER.
"Capote called this writer ""Maestro of the Semicolon"" & co-wrote a movie version of his ""The Turn of the Screw""",HENRY>
"Frank Hamer, an ex-Texas Ranger, devised the plan that resulted in the death of this outlaw couple on May 23, 1934","- 20. ""BENDLEY"""
"In the 1990s 5 ""stan"" nations agreed to give up to .3% of national income to restore this shrunken saltwater body",Black.
"To reduce your chances of getting the flu, the CDC recommends doing this often, for 15 to 20 seconds at a time",- 1. WASH
The Vienna grave of physicist Ludwig Boltzmann doesn't have a quotation but one of these mathematical items,Entropy>
"In back slang this word is ""dab""; in Pig Latin it's ""ad bay""",- 1. ANSWER
"The name of this Northern European trade league comes from the medieval German for ""guild""",Hanse
"""Sling Blade"" actor who chronicled ""The Bridge of San Luis Rey""",ANSON
"When the band strikes up this appropriate serenade from 1911, it's time to get your hat, coat & spouse",ANSWER
This slang noun for a painful injury comes from what you say when you get hurt,"- $200. ""Ouch""."
"Naturally, this cabinet member is ""Rummy""",ANSWER
"I told the private investigator that one of these ""is worth a thousand words""",ANSWER
They are painful contractions of hand muscles while utilizing your penmanship,ANSWER
"C.S. Lewis chronicled this fantasy world in 7 books, beginning with ""The Lion, The Witch And The Wardrobe""",Narnia
"""Revelations "", an exhibit of her photos of '50s & '60s weirdos, has been seen in San Francisco, L.A. & New York",AWNSER
"For the records, translate these 2 Roman numerals, XLV & LXXVIII",Forty-five.
"Now a retired brig. gen., this West Virginian was 1st to fly faster than speed of sound",Lockheed
"In the newspaper, Marmaduke is a funny one",AWNSER
This town is home to the Joseph who gave his tomb for Jesus' burial,Jerusalem
The skyline of the California Danish village of Solvang has several of these quaint power-producing devices,WIND
Mervyn LeRoy assisted Wayne in directing this 1968 film about the special forces in Vietnam,Coolhand
This country's Chatham Islands are inhabited primarily by Maoris,NEWZEALAND
"Calexico, California lies opposite this aptly named Mexican city",AWNSER
The Taylors of Mayberry & the Taylors of Detroit,AWNSER
"Lola's, the bar that gave us the apple martini, came up with the Janis Joplin martini: Pearl vodka & this potent potable",Greyhound
"Its main hub cities are Newark, Cleveland & Houston",UPS
"Critics are ""raven"" about ""Nevermore"", a new musical that re-imagines this author's life",EDGAR
"In 1961 a phenomena investigation bureau was set up to find proof of this Scottish lake's ""monster""",Loch
"Despite its great size, this ""plated lizard"" had a brain the size of a walnut",Brontosaurus
"This, a type of chicory with red or pinkish leaves, is a trendy salad ingredient",Radicchio
The Gulf of Ob in Siberia is only free of this for about two months of the year,ICE
"The 1902 Spooner Act authorized the purchase of this ""zone"" from Colombia",Panama.
This 4-star general was President Bush's top military adviser from 1989 to 1993,Franks
"Todd Waring took over this actor's roles in the TV versions of both ""Nothing in Common"" & ""Splash""",Harrison
"In an 1863 story by Edward Everett Hale, army officer Phillip Nolan becomes ""The Man Without"" this",AWNSER
Eligius is the patron saint of all those who work with these ball-peen tools,Carpenters
"On October 24, 1952 Eisenhower vowed to go to this country & 5 weeks later, he did",GHANA
"This American was living at Lamb House in Rye when he wrote ""The Ambassadors"" in 1903",- $200. HENRY
He had 2 daughters & 2 other sons in addition to the one who became president in 1825,JACKSON
"His book ""Kids Say the Darndest Things!"" topped the nonfiction bestsellers list for 2 years",ANSWERS
"When it's time for a little ""sex and the city"", spray on Lovely, the signature fragrance of this actress",SARAH
"New York Times, November 10, 1965: ""Power Failure Snarls Northeast; 800,000 are Caught in"" these in the city",- 1. BLACKOUT
"An escalator is often referred to as a ""moving"" one",AWNSER
"This 19th century Danish philosopher was known to his followers as ""S.K.""",- 400. Søren
"This motto of U.S. forces in WWII Asia means ""work together"" in Chinese",- 1.  Chan
"In some traditions, the Ark of the Covenant was taken to Ethiopia by Menelik, the son of Solomon & this woman",- 20. Makeda
In 1998 this flamboyant Italian skier won the 50th World Cup race of his career,Kilde
"Reviewers might have said ""Someday all this will be"" this author of ""Exodus"" & ""Mila 18""",LEWIS
"He played Billy the Kid in ""The Left-Handed Gun"" in 1958, 11 years before he starred as Butch Cassidy",Humphries
"As a penalty in the game of forfeits, Mozart's wife shows her legs to some party guests in this famous play",AWNSER
...who was barred from a third term as Serbian president; in 1997 was made president of Yugoslavia,Milosevic
World Book says the exportation of petroleum & petroleum products provides 95% of this nation's income,Kuwait
1930: Bird is the word for Dashiell Hammett in this mystery,- 20. HARDBOIL
Elwyn Brooks...,- $200. WHITMAN
"She played a political journalist in ""Woman of the Year"", her first film with Spencer Tracy",Bette
"If the queen of daytime talk married the ""Seven Spiritual Laws"" author, she'd have this rhyming name",- 4. SHARON
"This second-most populous country celebrates Buddha Purnima & Diwali, a festival of light",India
"Found in California, the largest living tree is the ""General Sherman"", a giant one of these",- 1. Sequoia
"To renounce a throne, as Norodom Sihanouk did in 2004",- 40. ABDICATE
"Yankee profiled ""New England's greatest invention""--this one created in a restaurant on a Mass. toll road",ICE
