Question,Answer
"Title of address for bishops, abbreviated Exc.",Excellency
This nickname used on Montana license plates is also the name of a popular ski resort,Big Sky
Number of House seats up for election in 1988,all of them (435)
In June he announced he would not seek a second term as president of Austria,(Kurt) Waldheim
It's another word for the tip you give to a waiter or bellhop,a gratuity
"Uranium or titanium, for example",an Element
Ho Chi Minh is buried in this capital city,Hanoi
"2007: ""Growing up and the bumps along the way""",Juno
"In his ""Devil's Dictionary"", a bore is defined as ""A person who talks when you wish him to listen""",Ambrose Bierce
"On Easter Sunday 1939, she sang before an audience of 75,000 at the Lincoln Memorial",Marian Anderson
"This Thai capital's traffic was so bad that gas stations sold personal port-a-potties called ""Comfort 100""",Bangkok
Some took flight with this 1970 allegory by Richard Bach; others felt it was bird-brained,Jonathan Livingston Seagull
Black ribbon streamers on a family's front door were once a sign of this,mourning
Washington's state fish is the steelhead species of this,trout
"Reportedly named for a girl who sold it in the streets, Sally Lunn is a sweet variety of this",bread
"According to tradition, this prop used by magicians should be made of hazel wood cut at sunrise",a wand
"Not so great--in 1725, this czar died unable to name a successor; he wrote, ""Give everything to..."" & never finished",Peter the Great
In 1906 August von Wassermann developed a well-known test for this sexually transmitted disease,syphilis
A girl who cannot give up this hot drink is the odd subject of Cantata No. 211,coffee
"Cute as a ""button"" when born around 1735, served in the Georgia assembly, killed in a duel in 1777",Button Gwinnett
"A top-grossing animated film of 1961, a live-action remake was released in 1996",101 Dalmatians
"Formerly dementia praecox, this term does not mean a patient has more than one personality",schizophrenia
"On Jan. 1, 2005, a 207-foot train spouting fireworks & a 50-foot robot were highlights of this event",the Rose Parade
Rhett Butler,Margaret Mitchell
"I'm confused, perplexed, absolutely this",baffled
Brides wore a wide variety of colors before that trendsetter Queen Victoria popularized this one in 1840,white
"Now vice president of the U.S., he was born in Scranton, Pennsylvania in 1942",Joe Biden
"After Herod died, Joseph, Mary & Jesus left Egypt & returned to this Galiliean city",Nazareth
Seen here is the American Sign Language & what could be the international symbol for this restaurant chain,McDonald's
Hi-yo ___ wedding anniversary,Silver
Woody Allen won 2 Oscars for this 1977 film,Annie Hall
"""How the firebrand Shi'ite cleric became a major power broker in the new Iraq""",Muqtada al-Sadr
In 1988 this Conn. attorney general upset incumbent Lowell Weicker for the U.S. Senate; he's been re-elected twice,(Joe) Lieberman
"""So little done -- so much to do"" were the 1902 last words of this British Empire bulider in Africa",Cecil Rhodes
"Beauty in this body part is so valued that a common insult is ""Your mother has an outie""",Navel
"In 1950, 3 years after he entered the major leagues, he played himself in his own movie biography",Jackie Robinson
"His poems, chiefly in the Scottish dialect, was first published July 31, 1786, in Kilmarnock",Robert Burns
Lee Majors' role from 1981 to 1986,The Fall Guy
"Phrase ""My hat is in the ring"" originated with this 1912 ""Bull Moose"" candidate",Teddy Roosevelt
Gaea & Uranus created this group of 12 gods later overthrown by Zeus,the Titans
"This synagogue employee, also called a hazan, taught Jason how to chant his Torah portion",Cantor
"The former Communist nations of the Soviet bloc were part of this numerical ""world""",the Second World
California vegetable with a crown & a heart,an artichoke
"These 3 letters brought together Francis Crick & James Watson, 2 scientists at the Cavendish laboratory",DNA
"Among the sobriquets used for this city are ""Witchcraft City"" & the ""Paradise of New England""","Salem, Massachusetts"
James McAvoy played a doctor in 1970s Uganda in this fact-based drama,The Last King of Scotland
"Chris adpated this 1995 comedy with Hugh Grant from the French film ""Neuf Mois""","""Nine Months"""
"1-word title of the following, David & Jonathan were the only group to have a Top 40 hit with it:","""Michelle"""
Chemist Svante Arrhenius of this country was concerned about global warming 100 years ago,Sweden
Annin & co. makes these in materials like solar-max nylon & cotton/polyester; Betsy Ross would be amazed,flags
In 1836 Sam Houston appointed him secretary of state of the Republic of Texas,Stephen F. Austin
"This structure for the cultivation of your prized orchids can have quite an ""effect"" on visitors",a greenhouse
"The 20,320-foot mountain then known as Densmore's Mt. was renamed for this presidential candidate in 1896",McKinley
This title angry wife plots revenge against Jason by killing his new flame with a poisoned garment,Medea
In 2010 it became the first Scandinavian band to be inducted into the Rock & Roll Hall of Fame,ABBA
George Custer's brother Thomas was the only person to receive 2 of these medals during the war,Congressional Medal of Honor
"This 1954 ""decision...will long be stenciled on the mental sheets of succeeding generations""",Brown v. Board of Education
"""Shutter Island"" & ""Revolutionary Road""",Leonardo DiCaprio
In 1949 a Nationalist government in exile was established in this Asian island nation,Taiwan
"Change one letter in lord & make this verb meaning ""to pack up""",load
This provincial capital on Vancouver Island is famous for its Butchart Gardens,Victoria
"While Marco Polo was meeting the Khan, he missed the 10th birthday party of this ""Divine Comedy"" author in Italy",Dante Aligheri
"A 2002 study found this job, perhaps on the Dogger Bank, is Britain's riskiest profession",fisherman
"A small fipple flute that, by its name, sounds like it only costs one cent",a pennywhistle
"Found in NYC's harbor, 12 million immigrants entered the U.S. through it",Ellis Island
"Pilot somewhere over the Atlantic, May 20, 1927",Lindbergh
The 2 you'd find naturally in Siberia,Bears & tigers
This Jamaican made history in Beijing by setting world records in the 100 & 200 meters,(Usain) Bolt
What a catcher might eat his dinner on,Home plate
"Dear Sir Arthur Harris: I thrill at how you led part of this military branch during WWII; May I call you ""Bomber""?",Royal Air Force
Among those to reach this fabled African outpost in the 19th century were Rene Caillie & Gordon Laing,Timbuktu
282 feet below sea level in Death Valley,California
"A sudden, violent windstorm",a squall
"This glamourous blonde star of 1936's ""My Man Godfrey"" was born Jane Alice Peters in Fort Wayne, Indiana",Carole Lombard
"He gave us the classic tale of Cossack life ""Taras Bulba""",Nikolai Gogol
This racket sport is named for the Duke of Beaufort's country seat,badminton
"Put tomato sauce, cheese & pepperoni on an English muffin & you've got a mini one of these",Pizza
This word describing how a ribbon of syrup or fruit is put into ice cream often appears in the name,Swirl
"He's the killer in Patricia Cornwell's bestseller ""Portrait of a Killer""; Case Closed",Jack the Ripper
An author's last Italian holiday is the subject of this Thomas Mann novella,Death In Venice
The Battle of Bosworth,the Wars of the Roses
"Buddy Ebsen, Lee Meriwether & Mark Shera; a Quinn Martin production",Barnaby Jones
"Cartoonist David Low created this colonel, a symbol of stuffy views & blind patriotism",Colonel Blimp
"Stolen in 1792 but later recovered, the Regent Diamond is on display in this French museum",The Louvre
"1989: This CEO ""& Me""",Roger
"A placer is a deposit of sand containing metals such as this, which brought an influx to Placer County, California",gold
"With 82% of the vote, she was elected Chicago's first female mayor in 1979 & led the city for 4 years",Jane Byrne
"The name of Mexico's Popocatepetl means ""smoking mountain"" in the language of this people",the Aztecs
"In one story, St. Margaret was swallowed by Satan in the form of this beast; she should have called St. George",Dragon
"Related to the boa constrictor, this largest South American snake is also called the water boa",Anaconda
America's first public high school was opened in 1821 in this New England capital,Boston
"Karl F. Rulvagg, Floyd Bjornsterne Olson, Jacob Aall Ottesen Preus",Minnesota
These Scandinavian beings often lurk under bridges; just ask the 3 Billy-Goats Gruff,trolls
Casey Kasem was known for presenting long-distance ones,dedication
Relating to the heart & blood vessels: CV,cardiovascular
"Using photos he had taken the month before, Clyde Tombaugh discovered this planet February 18, 1930",Pluto
"This ""diminutive"" companion of Robin Hood was a skillful archer too",Little John
Paolo is the new bar manager on this title TV ship; Isaac was its bartender in the '70s,The Love Boat
"1937: ""Magic mirror on the wall, who is the fairest of them all?""",Snow White and the Seven Dwarfs
Uzbekistan & Tadzhikistan are predominantly Muslim republics of this country,Soviet Union
"We must confess, both this Frenchman's ""Emile"" & ""The Social Contract"" are listed",Jean-Jacques Rousseau
Nixon might have found one of these detachable shirt fronts tricky to wear,Dickie
"Victorians believed the bigger & heavier this organ was, the smarter you were; Thackeray's was 3 lbs. 10 oz.",Brain
"In 1967 this unit of time was defined as 9,192,631,770 cycles of radiation of a cesium-133 atom",the second
An underground container for sewage,cesspool
"He wasn't yet France's premier when he gave Emile Zola the idea to title a famous letter ""J'Accuse!""",Georges Clemenceau
"Squeaky Fromme, Lee Harvey Oswald, Leon Czolgosz",Assassins
"He helped dress fake troops to fool the Germans in WWII, but didn't put a ""BB"" on the uniforms",Bill Blass
Rub shoulders with Nebraska state legislators at Billy's restaurant on H Street in this capital,Lincoln
South America: President Alvaro Uribe,Colombia
This ancient dramatist is known for his innovative use of a second actor in his plays,Aeschylus
This adjective can describe a bachelor worthy of marriage or an NFL receiver who's allowed to catch a forward pass,E-L-I-G-I-B-L-E
"This Puccini opera set in Paris was first produced on February 1, 1896 in Turin with Arturo Toscanini directing",La boheme
"This antibiotic ointment promises to help ""minimize the appearance of scars while preventing infection""",Neosporin
Native American drum that headed the Department of Homeland Security,Tom Tom Ridge
The top-rated miniseries of the 1985-86 season was based on this John Jakes novel,"""North And South"""
"This currency of Tajikistan has the same name as that of Russia, but only 1/100 of the value",Ruble
"Usually found below 8,000 feet, this 7-letter cloud class has a gray, horizontal layer & produces drizzle",stratus
The grandmother of this Hans Christian Andersen heroine wore a dozen oysters on her tail,The Little Mermaid
"Mexican flat bread, or Steinbeck ""flat""",Tortilla
"In the Treaty of The Hague, this country's Philip V ended his unequal war with the Quadruple Alliance",Spain
"In 1998 a man with ""Soy Bomb"" marked on his chest interrupted Bob's performance at this awards show",Grammy Awards
"Restaurant critic Gil Chesterton & sportscaster Bob ""Bulldog"" Briscoe have also worked at KACL on this sitcom",Frasier
"Big problems in the Little League: ""Bad _____ Bears""",News
It's the only Canadian province that is separated from the North American mainland,Prince Edward Island
The large rounded part of the brain that occupies most of the cranial cavity,Cerebrum
Elkhart in this state is the world capital of band instruments & RV manufacturing,Indiana
Neo-expressionest Julian Schnabel changed canvases & directed this film about Cuban poet Reinaldo Arenas,Before Night Falls
ER techs need to know if this is type B or O,blood
"Meg's the oldest of the sisters in this family; Amy, the youngest",the Marches
"If a jury is this, they're brought together unfairly or corruptly",packed
Ocean Spray & Land O'Lakes are this type of business where groups of producers work together,a cooperative
"It's where flowers ""sleep""",a bed
"A village milkmaid is the heroine of this 1881 operetta ""Patience"" by this duo",Gilbert & Sullivan
Hawaii got this official nickname with statehood in 1959,"""The Aloha State"""
"A Roman official, or a Chicago newspaper              (7)",Tribune
"...this pasta, thinner than spaghetti, whose name is Italian for ""little worms""",vermicelli
"He's the emperor portrayed here in 1804, clad in his elaborate coronation dress:",Napoleon Bonaparte
"In a fitted skirt, the inverted fold that gives the wearer freedom to walk or punt",a kick pleat
Sir Francis Drake looted & burned the Spanish fort at this Florida site in 1586,St. Augustine
"So far it's had 16 chief justices, starting with John Jay & ending with William Rehnquist",the Supreme Court
A milliner makes & sells these; I believe the cloche is making a comeback,hats
"""Athletic"" name of this 5th century B.C. sculpture by Myron:","""The Discus Thrower"""
"Hey 13th century knight, you've got this flexible armor made of interlinked metal rings",chain mail
Mrs. David Arquette,Courteney Cox
"You can ""wax"" nostalgic at the historical figures in this museum next to the London Planetarium",Madame Tussaud
"Until 1937 the Lakehurst, New Jersey, naval air station was the U.S. transatlantic terminal for these craft",Dirigibles
"India, Italy,  Iceland",India
"Named for an astronomer, it's a huge ""cloud"" of comets existing at the edge of the solar system",the Oort Cloud
"If you're using a GPS device to get around, you should know GPS stands for this",Global Positioning System
The Valencia type of this fruit is good for juice,orange
"In the toe-counting rhyme, it's where the second little piggy stayed",at home
"It's the title mode of transportation for 1928's ""Willie""",steamboat
"i.e. ""No Credit"", the phrase ""cash on"" this probably comes from saloons using it as a table or countertop",on the barrel
He was officially presented to the Welsh people on July 1,Prince Charles
Oakland Raiders 1969-78,John Madden
"According to one grisly legend, this czar blinded the architects of Moscow's St. Basil's Cathedral",Ivan the Terrible
"England's throne went from Ethelwulf to Ethelbald to Ethelbert to Ethelred to this ""great"" man",Alfred
A heart with an arrow through it is often used to symbolize this holiday,Valentine's Day
"Grumari has been called ""The Most Beautiful"" of these in Rio, & Ipanema, ""The Most Chic""",Beaches
"This state's highest point is Puu Wekiu, a cinder cone atop Mauna Kea",Hawaii
"Found in fish, omega-3 oils are thought to lower the level of this bad cholesterol",LDL (low density lipoproteins)
A circle of mushrooms in a grassy area named for the belief it's where magic beings danced,fairy ring
This style of home named for a Massachusetts peninsula features a gabled roof & a central chimney,a Cape Cod
"Christopher Lee, Edmund Purdom, Gert Frobe & Lionel Barrymore all monkeyed around as this ""Mad Monk""",Rasputin
An arctophile loves these cuddly items named for a U.S. president,teddy bears
This song associated with Yale was popularized by Yale alumnus Rudy Vallee,"""The Whiffenpoof Song"""
This country's Governor General's Award has 7 categories each for writing in English & French,Canada
"The ""SS"" in ISS: Skylab & Russia's Salyut were early ones",a space station
Period during which recruits learn combat skills,Basic training
"Mitch Hedberg: ""The depressing thing about"" this Chris Evert sport is ""no matter how good I get, I'll never be as good as a wall""",tennis
"In this artistic process, printing is done by forcing ink into grooves made by acid",copperplate etching
"In the ""Goths"" episode, our heroes hand this group its worst defeat in 600 years on Aug. 9, 378",the Romans
"This river's delta covers more than 12,000 square miles in Louisiana",Mississippi River
"President who called Watergate ""A burden I shall bear for every day of the life that is left to me""",Richard Nixon
It made news that a London burglar was caught by using these prints he left while listening at doors & windows,Earprints
The pocket gopher uses this almost hairless appendage as a sense organ to feel its way in the dark,Tail
"At night hummingbirds enter torpor, a short version of this, in which temp. lowers & metabolism slows",hibernation
"When parents hear this word, they think ""heavy snowstorm""; when teens hear it, they think ""yummy treat from Dairy Queen""",Blizzard
The Holland type of this liquor first made in Holland is usually drunk straight,gin
It's the name of the probe that sent back the 1976 images seen here,Viking
In 1855 Joshua Stoddard patented this musical instrument often associated with circuses & merry-go-rounds,Calliope
"He said of his role in ""Gladiator"", ""I've done some pretty physical stuff before, but this was unrelenting""",Russell Crowe
"You're consuming more than I can sustain if ""you're eating me out of"" these 2 things",House and home
The 1st electric version had only red & green lights & had to be worked by hand,Stop Light/Traffic Signal
"The value of all goods & services produced within a country during a year makes up this, the GDP",the gross domestic product
This type of guard accompanies a casket at a military funeral,honor guard
Dwight Eisenhower lived in the same Kansas home from the age of 8 until he went off to this school at age 20,West Point
"Despite warnings from Tim the Enchanter, a deadly rabbit decimates King Arthur's men in this spoof",Monty Python and the Holy Grail
Name of the Pepperidge Farm product seen here:,Goldfish
"In the 1950s he was the first of the British playwrights known as ""Angry Young Men""","John Osborne (""Look Back In Anger"")"
"Veloute, made of stock thickened with a flour & butter roux, is named for this fabric--it's that smooth",velvet
"Vermont, which didn't approve a lottery until 1976, was where she wrote ""The Lottery"" in 1949",Shirley Jackson
"Flying at the then-incredible speed of 575 MPH, the Boeing 707 began commercial flight service in this decade",1950s
These rare fungi are used in the diplomat sauce served over fish or shellfish,truffles
"On July 30, 1965 this bill providing health care for the aged was signed into law",Medicare
"When he first came to Hoboken from Holland, this abstract Expressionist, who died at 93, painted houses",Willem de Kooning
"This name was especially popular in the 1800s, when a certain Miss Dickinson and Miss Bronte were born",Emily
"In a poetic drama, this biblical brother becomes a willing pupil of Lucifer",Cain
"To deal with a problem head on is ""to take"" it ""by the horns""",the bull
"Launched into orbit in 1990, it has a light-gathering mirror that's 94 inches in diameter",the Hubble (Space) Telescope
"The financial dealings of her husband, John Zaccaro, caused controversy during her run for V.P.",Geraldine Ferraro
In 1939 U.S. lighthouses came under the jurisdiction of this branch of the armed services,the Coast Guard
June 24:  This man who had a good head on his shoulders before he met Salome,John the Baptist
"As a teenager, this Israeli violinist made his American debut on ""The Ed Sullivan Show"" in 1958",Itzhak Perlman
1 of the 2 in 1901,Queen Victoria or Edward VII
"Crisps: a man's face with a bushy mustache, parted bangs & a red bow tie",Pringles
The bombing of the city of Darwin is featured in this Baz Luhrmann epic,Australia
"A tagline for this 2007 Will Smith film was ""The last man on Earth is not alone""",I Am Legend
"First published in 1970, Dee Brown's classic ""Indian History of the American West"" is titled ""Bury My Heart"" here",At Wounded Knee
Abraham Lincoln's son Robert Todd was president of this sleeping car company from 1897 to 1911,Pullman
"In ""Frank Fairlegh"" Francis Edward Smedley wrote ""All's fair in"" these 2 activities",Love & War
Her mother Mary Wollstonecraft was also an accomplished author,Mary Shelley
"Completed in 1345, the Ponte Vecchio crosses over the Arno River in this European country",Italy
It's the country immediately to the west of Egypt,Libya
"""Old habits die"" this way",hard
This country is located across the Mozambique Channel from the coast of Africa,Madagascar
This 1986 film earned a best actor nomination for tenor sax great Dexter Gordon,"""'Round Midnight"""
"Don't let dull knives dampen your spirit, use one of these abrasive items to sharpen them",Whetstone
"""A Journal of the Plague Year"" by D.D.",Daniel Defoe
"In 2010 British Petroleum said it ""seemed inconceivable"" that this oil rig device, BP for short, could fail",the blowout preventer
Switzerland,red & white
"In 2009 this supporting actor Oscar winner's award was accepted by his mother, father & sister",Heath Ledger
Marine mollusk good at arm to arm to arm to arm to arm to arm to arm to arm combat,octopus
(Sarah of the Clue Crew)  Spicy-sounding name for the type of comb I'm using to give Daily Double a good grooming,curry comb
In 1513 Ponce de Leon landed in what's now this U.S. state & gave it its name,Florida
"John Gray penned the book these 2 planets ""Together Forever--Relationship Skills for Lasting Love""",Mars & Venus (Venus & Mars accepted)
"The Beatles asked him ""What did you kill?""",Bungalow Bill
The Idaho section of U.S. Highway 12 bears the name of these 2 men who passed through the area in the early 1800s,Lewis & Clark
This Providence university that dates back to 1764 is home to a NASA research center,Brown
The strap-happy sandals named for these ancient combatants were hot in 2008,gladiators
"you're lounging in Lima, the capital",Peru
"When your car is ""on the hook"", it's traveling this way",on a tow truck
The American Library Association awards a medal named for this children's book publisher,(John) Newbery
"His 1978 album ""52nd Street"" was named for a NYC area famous for its jazz scene",Billy Joel
"Correspondents for this ABC show include Chris Wallace, Lynn Sherr & John Stossel",20/20
"In 1962 she said, ""Nineteen-fourteen was the birthday of us all""",Barbara Tuchman
This institution's vast collection includes the Spirit of St. Louis & Archie Bunker's chair,Smithsonian
"You've got security with ""My word is my bond"", the motto of this London financial institution",the London Stock Exchange
"Known as the ""Little Flower"", he left the House of Representatives in 1933 & became mayor of NYC",Fiorello LaGuardia
"Seen here, he's Nancy's sidekick",Sluggo
"The U.N. adopted this, the UDHR, in 1948; I guess it'll still apply if we ever get to Alpha Centauri",the Universal Declaration of Human Rights
"The lesser members of an organization, or the vertical & horizontal rows on a chessboard",Rank and file
"In 1610 he described the moon as seen in his telescope as having a ""rough and unequal"" surface",Galileo
"In 1943 he sent the famous message ""Eleven alive native knows posit and reefs Nauru Island""",John Fitzgerald Kennedy
"Hsing-Hsing, one of these ""giant"" Asian animals, is a popular attraction at the National Zoo",a giant panda
It's composed mainly of amylose & amylopectin,starch
Casa Pacifica in San Clemente was the western White House of this U.S. president,Richard Nixon
"Tom Berenger & William Katt played this outlaw pair in their ""early days""",Butch Cassidy and the Sundance Kid
"A star of the 1973 TV movie ""Satan's School for Girls"", she was back in the 2000 remake",Kate Jackson
This 7-letter word means to presage or forebode,portend
2002: Michael Chiklis,The Shield
"Dashaun Young is now playing this hero who's destined to be ""The Lion King""",Simba
Nickname of British fictional hero Hugh Drummond,"""Bulldog"""
"An homage to Charles Schulz, the project named for this character helps needy kids by ""providing security through blankets""",Linus
"The ancient Egyptians were a polytheistic people, meaning they had many of these",gods
Almost a century later you can still use Hector Guimard's entrances to this city's Metro stations,Paris
This Southern Hemisphere nation was named after a southwestern province of the Netherlands,New Zealand
"The highest point in this Southeastern state is just 345 feet, in Walton County near the Alabama border",Florida
"Hamlet's father, the king of Denmark, killed Fortinbras' father, king of this nearby country",Norway
"Unlike most provinces, Quebec has a separate one of these, La Surete Provinciale Du Quebec",Provincial/State Police
"In 1966 Clark & Gollan performed experiments that led to artificial this, probably exciting news to artificial vampires",artificial blood
Quixote or Drysdale,a Don
"This now-Patriots head coach said in 1992, ""I don't think there's anybody... not focused on the 49ers... I mean, Chargers""",Bill Belichick
"""Goings on About Town"" & ""The Talk of the Town"" are regular features of this magazine",The New Yorker
"Name of the cemetery in Tombstone, Arizona & many other towns as well",boot hill
"State whose counties include Crockett, Zapata & Pecos",Texas
"Almost all of the state's electrical power is generated by this agency, known for its dams",TVA (Tennessee Valley Authority)
"This ""precious"" first opera in the ""Ring"" cycle runs about 90 minutes shorter than any of the other 3",Das Rheingold
"Spelled with ""al"" at the end, this word refers to a school official: with ""le"", it's a fundamental truth",principal/principle
This heavy 19th century sheath knife was named for a Texas frontiersman killed at the Alamo,Bowie knife
The 1970 cover photo of this man was taken by his wife Linda,Paul McCartney
This son-in-law of LBJ was the governor of Virginia from 1982-1986,Charles (Chuck) Robb
"""The noonday train will bring Frank Miller"" at 12 sharp in this 1952 film; look out, Gary!",High Noon
A WWII German defensive line & Judge Bean,Siegfried & Roy
For a Major League baseball it's 9 to 9 1/4 inches,circumference
"From 1965: ""Sont les mots qui vont tres bien ensemble""",Michelle
"""'Tis incredible to believe how much she loves me.  O the kindest Kate!"" Petruchio says in this play","""The Taming of the Shrew"""
"A long, loose-hanging women's dress worn in Kahaluu & Punaluu",a muumuu
"In 2002 Spider-Man climbed walls, but it was Willem Dafoe who went over the top as this villain",the Green Goblin
"John Lennon & Paul McCartney were in their 20s when they wrote ""When I'm"" this old",64
This part of a drill that tightens the jaw around the bit has a special key,chuck
No state shall engage in this (unless invaded),war
"The ancient city of Byblos was known for its production of this material, hence bible, meaning book",papyrus
"These Nova Scotia games include Celtic workshops & tossing the caber, a 20-foot log",The Highland Games
"Established in 1929, this political party has won every presidential election since",PRI
"An independent agency of the U.S. government, it's also called Eximbank",Export/Import Bank
"Governor of California from 1949 to 1953 & a Supreme Court Chief Justice, we confer on him the title of....",Earl Warren
This distinctive aroma of a wine can also mean a group of cut flowers,Bouquet
"Meaning ""another self"", it can refer to a close friend or one's secret identity",Alter Ego
A panel of 5 children answered questions sent in by home viewers & won savings bonds on this show,Quiz Kids
"Considered evil in the Middle Ages, many cats were killed, which may have led to this scourge",the Black Death
"His 1911 painting ""I and the Village"" uses the simple shapes of Russian folk art",Chagall
"""To Let"" was the last novel in this John Galsworthy series","""The Forsyte Saga"""
"If you're thinking of the 2nd largest city in Colorado, this one should spring to mind",Colorado Springs
1997 is the millennium of this saint's becoming the supreme Magyar prince of Hungary,Stephen
Tom Hanks voiced 4 characters in this Christmas film that used motion-capture technology,The Polar Express
"By a cumulative count, you get a total of 364 gifts in this song, including 42 swans","""The 12 Days of Christmas"""
"In an email that surfaced after her murder, she said if anything happened to her, Pres. Musharraf was responsible",Benazir Bhutto
"On July 12, 1998 this Cardinal hit HR No. 40 in his 281st at-bat of the season -- the fewest ever needed to reach that total",Mark McGwire
"Have a hangtown fry, traditionally, eggs, bacon & these shellfish--a pearl of a dish!",oysters
"Like root beer, this ""ale"" is flavored with a root, mostly from Jamaica",ginger ale
Women's rights leader: ____ Cady ____,Elizabeth Cady Stanton
"Rick Springfield, Bruce Springsteen, Buffalo Springfield",Rick Springfield
"Pavonine means of or resembling this ""proud"" bird",a peacock
"First, a toast, my sweet, with a glass of this potent potable whose invention is credited to Dom Perignon",champagne
"When this London residence is freezing, we'd like to return it to the dukes for whom it's named",Buckingham Palace
"Forces of this European nation conquered Algiers in 1830, ending its use as a stronghold by pirates",France
"""You furnish the pictures & I'll furnish the war""",William Randolph Hearst
Philadelphia pharmicist Charles Hires commercialized this type of soda in the mid-1800s,root beer
"""The Moonstone"" author William Collins",Wilkie
"Helicobacter pylori has special defenses against this acid, which allow it to live in the stomach & cause ulcers",hydrochloric acid
"Cotto, Genoa, Pepperoni",salami
"Rah, rah, sis boom bah!  It's the term for the globular flowers of a chrysanthemum",a pom-pom
"After a 10-year absence, this series returned in 1997 with Stacy Keach reprising the title role",Mike Hammer
Ekanetra & Ekarudra were both Vidyesvara gods of this religion,Hinduism
By 1880 both Edison & British physicist Joseph Wilson Swan had applied for patents on this type of electric lamp,an incandescent light bulb
"This paper was shut down in 1991 by Boris Yeltsin, but there have been recent incarnations",Pravda
"Pirates officially licensed to attack enemy ships during wartime were known by this ""secretive"" name",Privateers
"Moments after Macbeth claims he can't be killed by any man born of woman, this thane of Fife performs the deed",Macduff
A cricket's receptors for this are highly sensitive areas on its front legs,hearing
"The Refugee Project, helping underprivileged children, is at the heart of this female former Fugee",Lauryn Hill
"His story ""The Outcasts of Poker Flat"" appeared in 1869 in the Overland Monthly, which he edited",Bret Harte
It's customary to toast these soft confections on sticks over a campfire,Marshmallows
"Seen here, he was president when Georgia became independent, but was then deposed",Zviad Gamsakhurdia
"In 2006 Sterling Marlin, a veteran racer on this circuit, got a new ride, the no. 14 Chevrolet",NASCAR
"It's the ""F"" in the common web acronym ""FAQ""",frequently
Dr. Clanny's lamp of 1813 was designed so these workers wouldn't ignite gases & blow themselves up,miners
"Paul Tulane gave a substantial endowment to a school in this city, and it was renamed in his honor",New Orleans
Eid ul-Fitr marks the end of this month of fasting,Ramadan
"The Liberty Bell was hidden in this Pennsylvania ""town"" in 1777",Allentown
"In later life, Renoir's hands became so crippled with arthritis, these had to be tied to them",his brushes
French gave us this word for a set of tuned bells in a tower,a carillon
"As a verb, this means to squander or waste; in the bakery, it's a deep-fried cake",fritter
"For a time, Cervantes supported himself by finding provisions for this Spanish fleet",Spanish Armada
"This host of ""Boy Meets Grill"" says charcoal is a lot of work but it gives food a smokiness that gas can't imitate",Bobby Flay
Leon Beiderbecke,"""Bix"""
In the North Atlantic:  CLND,Iceland
"In ""Cool Hand Luke"", he's the character actor who says ""What we've got here is failure to communicate""",Strother Martin
"The Tasman & Hooker Glaciers radiate from Mt. Cook, the highest mountain of the Southern Alps in this country",New Zealand
The emotional strain I feel until you ring in with the correct response,Tension
"One of the world's oldest mummies, the Detmold Child was mummified in this high S. Amer. country 3,000 years before Tut",Peru
The Maccabees fought a guerrilla war to keep the Syrians out of this city,Jerusalem
"Girton, Cambridge University's 1st college for these people, was founded in 1869",women
"An entirely female unit, the Mariana Grajales Women's Platoon, helped win this country's 1956-58 socialist revolution",Cuba
The title character on this NBC drama works for the Massachusetts State Coroner's Office,Crossing Jordan
"Around 1507 this Polish astronomer began trying to prove that the sun, not earth, was the center of the universe",Copernicus
"Any ""birdbrain"" knows these are the small compartments for papers in a desk",Pigeonholes
"Phonetically, it sounds like 2 letters of the alphabet",envy
It's the second-largest body of water in the world,Atlantic Ocean
"John Dalton figured that in water, an atom of this was 8 times heavier than an atom of hydrogen",oxygen
In November 1910 he was elected governor of New Jersey; 2 years later he was elected president,Woodrow Wilson
"In a book by Irene Hunt, 9-year-old Jethro Creighton lives during the Civil War, which lasts ""Across Five"" of these months",Aprils
"At the start of the game Diplomacy, France controls 3 supply centers: Paris, Brest & this port",Marseille
"We're shocked to hear that some car dealerships have been known to ""roll back"" this device",the odometer
The only newspaper not in the continental U.S. to make the Top 100 is this city's Advertiser at No. 79,Honolulu
"During World War II, the Japanese repeatedly bombed this city on Australia's northern coast",Darwin
"""Once a jolly swagman camped by"" this, Australian for a stagnant pool or backwater",billabong
"1966: ""...and Mr. Chicken""",The Ghost
"From old Italian for ""to shield"" & ""sun"", it's another name for a sun umbrella",parasol
"She went to the baker's to buy her dog some bread; ""when she came back the poor dog was dead""",Old Mother Hubbard
2-word anatomical term for a craving for candy,a sweet tooth
"Roy Rogers sang ""Buttons and Bows"" with Bob Hope & Jane Russell in this sequel to ""The Paleface""",Son of Paleface
Wed in 1953: Jackjacq,the Kennedys
Originally this term referred to the man employed on a cattle train who prodded cattle to keep them on their feet,a cowpoke
"This woman of Troy shows up in several operas, including ""Mefistofele""",Helen
In 1998 Pope John Paul II concluded his visit to this country with a mass at the Plaza de la Revolucion,Cuba
"This country has Bataan Day & People Power Day, commemorating the 1986 revolt",the Philippines
"His artworks command prices of $400,000, & he was Oscar-nominated for directing ""The Diving Bell and the Butterfly""",(Julian) Schnabel
"This czar may have been ""great"", but biographer Robert K. Massie says he was deathly afraid of cockroaches",Peter the Great
In 1402 Ottoman Sultan Bayezid I was captured in the Battle of Ankara by this conqueror from Samarkand,Tamerlane
"Rome, Dublin, Athens",Georgia
"""Culprit"", meaning the guilty party, evolved from this adjective meaning ""guilty""",culpable
"This polo-playing Harvard grad played Loretta Lynn's husband in ""Coal Miner's Daughter""",Tommy Lee Jones
Bermuda is a self-governing dependency of this nation,the United Kingdom
"Jeff Spicoli loved to surf in this movie'-aloha, Mr. Hand!",Fast Times at Ridgemont High
"As a verb, it refers to the motion propelling the boat; as a noun, it refers to the person who sets the pace",stroke
"1992: ""My _____ Vinny""",Cousin
It's the spirit found in a daiquiri cocktail,rum
"Albion House in the town of Marlow is the place where she finished writing ""Frankenstein""",Mary Shelley
"To target online consumers, this company hopes to combine data from its ESPN & ABC online units",Disney
"From the Latin for ""make similar"", it's an exact duplicate",facsimile
"Congress established this National Park in Arizona February 26, 1919",the Grand Canyon
"The Captain & Tennile would ""love"" this capital of Oman",Muscat
Alumnus,alumni
Acting instructor for an aspiring household pest,a roach coach
Jennifer Connelly won an Oscar for playing the wife of this man,(John) Nash
"When asked if he has any writers, this piano-playing comic says, ""Yes, I have 535 writers.  100 in the Senate & 435 in the House…""",(Mark) Russell
"In Luke, he is quoted as saying, ""I indeed baptize you with water; but one mightier than I cometh""",John the Baptist
"This highest social class, whose name still refers to aristocracy, once made up the entire Senate",Patricians
"Epistemophobia would be bad news for a Jeopardy! contestant, as it's fear of this",knowledge
"This ""Candide"" author helped popularize the saying, ""The perfect is the enemy of the good""",Voltaire
"This redhead does some down-home storytelling in her 1999 book ""Comfort From A Country Quilt""",Reba McEntire
He returned to India at age 17 in 1882 & worked as a journalist; he published his first poems in 1886,Rudyard Kipling
A device known as a rectifier makes this electrical conversion,from AC to DC
"The Latin name of this great philosophical work by St. Augustine is ""De Civitate Dei""",City of God
"This Irish film director based ""The Crying Game"" on one of his own short stories",Neil Jordan
"""Game of Shadows"" is a 2006 book about this man who is second on the all-time home run list",(Barry) Bonds
"Known scientifically as felis pardalis, there are only about 100 of these cats left in Texas",ocelot
(Sarah of the Clue Crew)  Health regulations often call for some restaurant employees to wear these on their heads,hairnets
"This French sauce made with butter, egg yolks & lemon juice is named for another country",Hollandaise sauce
The CIA's main rival for much of its existence was this Soviet counterpart,KGB
"He wrote of the law of the jungle, ""The wolf that shall keep it may prosper, but the wolf that shall break it must die""",Rudyard Kipling
"Your employer sends you this, the most common income-reporting tax statement in the United States",W-2
"This Detroit paper has a 2-word name, a guarantee of the First Amendment",the Free Press
"9 years before arriving at the Mississippi River, he met the Incan ruler Atahualpa in Peru",Hernando de Soto
"The Latin Grammys' first Record of the Year went to ""Corazon Espinado"", by this man's band Mana",Carlos Santana
"This letter appears on the costumes of superheroes named Storm, Cyclops, Jubilee & Wolverine","X (as in ""X-Men"")"
"This 1993 hit by UB40 remained in the Top 40 for 23 weeks, almost twice as long as Elvis Presley's 1961 version",Can't Help Falling in Love
Loved the Gown Gallery--an exhibit about the First Ladies--in this Smithsonian museum,the Museum of American History
"The jersey seen here was worn during the 1961 season by this slugger who led the majors with 126 walks (New York Yankees, No. 7)",Mickey Mantle
"As a verb, this first name means to send mail free of charge",Frank
Playmobil toys were introduced by this country's Geobra Brandstatter in 1974,(West) Germany
"A competition for fishermen, knights or ""Jeopardy!"" contestants",Tournament
A Nittany Lion could tell you this city is home to Penn State's main campus,State College
"""Psycho""",Norman Bates
In 1815 he had Congress authorize fighting with Algiers,(James) Madison
"""They Call the Wind Maria"" is a song from this musical",Paint Your Wagon
His 9th hurdle --  Hippolyta's girdle,Hercules
"After his wife Rachel died, his niece took over her duties; after she died, a daughter-in-law was summoned",Andrew Jackson
Just one Boston baked veggie,Bean
"Hello, this character who said, ""I'll tell you a little secret about zip codes--they're meaningless""",Newman
Wilt Chamberlain & this '60s Celtic are the only NBAers to average more than 20 rebounds per game,Bill Russell
The 4th Gospel of the New Testament,John
From 1815 to 1821 the Farmhouse of Longwood on the island of St. Helena was this exile's home,Napoleon Bonaparte
"It's the main city in Ohio's 14th district, once a rubber center & now called ""Polymer Valley""",Akron
"Sort of like the Peace Corps, only local: VISTA",Volunteers in Service to America
"When reading, keep your mind out of this depression between the pages",Gutter
"Winning in 1965 & 1966, he was the first man to win the Masters golf tournament in 2 consecutive years",Jack Nicklaus
This co-star of “Nash Bridges” returned in “The Lion King 1½” as the voice of Bonzai the hyena,Cheech Marin
"Broncos:  51,475 yards  (1983-1998)",(John) Elway
"""Ransom"" reunited her with her ""Lethal Weapon 3"" co-star Mel Gibson",Rene Russo
"As Landon Donovan knows, using hands is a no-no for the majority of the players",soccer
The 2 main foods of the aardvark are ants & these mound insects,termites
"It was all the rage & on the charts in 1975; so ""Do"" it!","the ""Hustle"""
"The classic ""Problem of the Many"" is this in the sky: which droplets are part of it, & where does it start & end?",a cloud
"In 1998 a San Antonio, Texas school was named in honor of this first woman on the Supreme Court",Sandra Day O'Connor
Tennessee,Memphis
"Appropriately, this grandmother of American folk art painted ""Over the River to Grandma's House""",Grandma Moses
"Surrounded by Italy, this small country on Mt. Titano was once under the protection of the papacy",San Marino
"Surrealist painter who had pop & country hits with ""Here You Come Again"" & ""9 To 5""",Salvador Dali (Dolly) Parton
"John Steinbeck traveled across America in a 1962 bestseller, ""Travels With"" this title poodle",Charley
He had a good year in 1928; construction began on the NYC art deco building named for him & he acquired Dodge,Walter Chrysler
"Nelson ""Old Poison"" Stewart, Stan Mikita, Wayne Gretzky",centermen
"""Goodnight, Seattle""",Frasier
"This ""Old Ironsides"" poet was also a doctor.  You might recall that his son became a lawyer",(Oliver Wendell) Holmes
"In this 1994 film, St. Nick falls off a roof & Tim Allen is forced to take his place",The Santa Clause
"An early resident was the countess of Lichfield, the daughter of this 17th century king who returned from exile",Charles II
Trademark name for a laminated heat-resistant plastic used for counter tops & flooring,Formica
"To trek through its Khumbu Icefall, Lhotse Face & South Col, your team needs a $70,000 permit from Nepal's government",Mount Everest
The battle took place in the northern part of this state,Virginia
"It's ""The Capital of the Empire State"" & ""The Edinburgh of America""",Albany
"It joins with ""zooks!"" as a mild or ironic oath",Gad
One of his last paintings before his 1903 death in the South Pacific was a landscape of Brittany in winter,Gauguin
"From the Latin for ""to heal"", it's the type of education that brings deficient students up to standard levels",remedial
"The ""home of golf"", it's also home to Scotland's oldest university",St. Andrews
"This all-time leader in hits & games placed was a regular at first, second & third",Pete Rose
"This Pakistani leader agreed to an arranged marriage, but kept her maiden name",Benazir Bhutto
Literary term meaning to show or indicate earlier in the story,foreshadow
"Traditionally used to make Thanksgiving pies, this gourd is rich in vitamin A",a pumpkin
"James Meredith, the first black student at the University of this state, was shot & wounded there in June 1966",Mississippi
"Arriving at the hospital on March 30, 1981, he told one of his doctors, ""I hope you're a Republican""",Ronald Reagan
"In the old saw, it precedes ""Half a dozen of the other""",6 of 1
"A letter from Einstein to FDR is on display at the Bradbury Science Museum in this city, birthplace of the atomic bomb",Los Alamos
"According to the proverb, it's what a ""stitch in time"" does",saves nine
This Copenhagen-based beer brand became purveyors to the Royal Danish Court in 1904,Carlsberg
"Daffy Duck, a fox from Disney in 1973 & Kevin Costner have all played this role from folklore",Robin Hood
You were a fool to move that bishop!  This 4-letter term in 3 moves,mate
"Dan Marino, Brett Favre & this Denver Bronco are the only NFL quarterbacks to pass for more than 50,000 yards",John Elway
"Galilee, Samaria & Judea in the south were the 3 traditional divisions of this ancient area with a still-current name",Palestine
"Some local TV news goes by the sensation-loving motto ""If it"" does this, ""it leads""",bleeds
"""Firth"" is a synonym for this broad mouth of a river into which the tide flows",estuary
The 150th anniversary of this 1849 California event was honored on a 1999 U.S. stamp,the Gold Rush
"With 20, this ""Bear"" of a golfer is the all-time leader in major tournament wins",Jack Nicklaus
"Ferdinand & Isabella promised to make him ""Admiral of the Ocean Sea"" if he was successful in his 1492 voyage",Christopher Columbus
"In 2001 this Oscar winner sang ""Angelina"", a romantic tribute to his fifth wife, on his album ""Private Radio""",Billy Bob Thornton
"You don't have to be an oracle to know that this oracle is pivotal to the plot of ""Ion""",the Delphic Oracle
"Between 1656 & 1735 members of the Albanian Koprulu family served the sultan as this ""grand"" executive officer",(grand) vizier
"This author used some of his plots for a proposed late '50s Bond TV series in his book ""For Your Eyes Only""",Ian Fleming
In this series dimwitted sheriff Roscoe P. Coltrane was Boss Hogg's brother-in-law,The Dukes of Hazzard
This Egyptian crime boss is wanted in connection with ordering the death of all male Jewish children,Pharaoh
"To visit Abraham Lincoln's birthplace, you have to go to this U.S. state",Kentucky
"In the prologue of a 1952 novel, this author wrote, ""I am an invisible man""",(Ralph) Ellison
In the '90s you were a glutton for punishment if you rooted for this Ohio NFL team that went 52-108,the (Cincinnati) Bengals
"This song by Christina Aguilera says, ""You are"" this, ""no matter what they say"" & ""in every single way""",beautiful
"Last name of siblings Laverne, Maxine & Patti, who sang ""Bei Mir Bist du Schoen"" in 1937",the Andrews Sisters
"If you did this to someone's ""goose"", you spoiled his plans",Cooked It
"Alaska's Resurrection Bay was named by Alexander Baranof, who first sailed into it on this holiday",Easter
Wiggle your toe if you know this man who won the Best Actor Oscar for 1989,Daniel Day-Lewis
"He not only won the NL home run title with 65, he now ranks tenth on the all-time career home run list",Mark McGwire
"In ""Le Morte d'Arthur"", a gathering of knights saw a vision of this",the (Holy) Grail
"It's also known as sonography, baby",ultrasound
Species of this insect include ctenocephalides canis & ctenocephalides felis,Flea
"Later the host of ""The Tonight Show"", this man began his TV career at Omaha's WOW-TV",Johnny Carson
"Just hours before Michael Jackson's death, Hollywood lost this TV ""Angel""",Farrah Fawcett
"It's said that his singing & lyre-playing ""drew iron tears down Pluto's cheek""",Orpheus
This winged horse carried thunderbolts for Zeus,Pegasus
This president appointed more Supreme Court justices than any other,George Washington
Real-lfe spouse Amy Madigan didn't play Ed Harris' wife Lee Krasner in this movie; she played Peggy Guggenheim,Pollock
"New Jersey's Dave Meenan covered more than 28 miles this way in 1997--beat that, Bojangles!",tap dancing
"Viaticum, confession & anointing of the sick are part of this Roman Catholic procedure",Last rites
LEFT RIB,filbert
It's the C of BMOC,campus
Martha Reeves & the Vandellas provided backing vocals on this singer's 1963 hit heard here:,Marvin Gaye
"(Hi, I'm Kevin Garnett)  My high school was named after this man for whom the rank of full admiral was created in 1866",David Farragut
"The Little White Schoolhouse in this Wisconsin city claims to be the ""Birthplace of the Republican Party""",Ripon
"Wait a minute!  14 years after the Marvelettes, the Carpenters topped the charts with this song","""Please Mr. Postman"""
"Inspired by a conversation with a blacksmith, Nicholas Evans made himself heard with this 1995 bestseller",The Horse Whisperer
"These 2 Greek letters begin the name ""Christ"" in Greek & are used to represent him",chi and rho
"Late charismatic scholar seen on a PBS series in 1988 conversing with Bill Moyers on ""The Power Of Myth""",Joseph Campbell
Sebastian Melma was the name used by this Irish playwright while in exile,Oscar Wilde
This state's spaceport risks encroaching on the habitat of the Mojave Desert tortoise,California
President Martin Torrijos Espino,Panama
"There are 4 species of these dangerous African snakes: 1 black, 3 green",the mamba
"Dickens novel containing the line ""It is a far, far better thing that I do, that I have ever done""","""A Tale of Two Cities"""
Aaron's mongrel dogs,Burr's curs
"The Chinese government, which controls all of these in the U.S., won't let a new one be named until it's 100 days old",giant pandas
"John Adams said that a ""Useless man is called a disgrace, that 2 are called a law firm, & 3 or more become"" this body",Congress
Pea soup was a staple in the ships of this navy that beat the French & Spanish at Trafalgar,the British navy
The wheel lock mechanism later used in lighters was invented around 1500 to ignite the powder in these,guns
"This 20th century school of design & art movement comes from the German words for ""build"" & ""house""",Bauhaus
"4-word completion of the proverb ""Curses, like chickens...""",come home to roost
The main character of one his major works is Humphrey Chimpden Earwicker,James Joyce
"It follows ""A penny for a spool of thread, a penny for a needle, that's the way the money goes...""","""Pop Goes the Weasel"""
"In 1960 the FDA approved production of Enovid, the 1st of these",Birth Control Pills
"He was the first African American on a U.S. coin; the reverse of his half dollar read, ""from slave cabin to hall of fame""",Booker T. Washington
"President of North Vietnam for 24 years, his mausoleum in Hanoi is a national shrine",Ho Chi Minh
"""Did my father strike my gentleman for chiding of his fool?"" is one of Goneril's lines in this play",King Lear
"John Watson, a medical doctor",Sherlock Holmes
"This VCR brand's name came from the Latin for ""great voice""",Magnavox
"One on the run, ""F is for...""",Fugitive
"Known as ""The Hero of Two Worlds"", this revolutionary seen here led military campaigns in Brazil & Italy",Giuseppe Garibaldi
"In 1978 this South African shot a final-round 64 to win the green jacket, & the Masters, by one stroke",Gary Player
Mr. Vicious' children,Sid's kids
"This actor ""moonlighted"" in 1987: he won an Emmy for playing a P.I. & his ""The Return of Bruno"" yielded a top 5 hit",Bruce Willis
This big bouffant Broadway show became a 2007 film starring a big bouffant John Travolta,Hairspray
"This family ""Invents New Diet:  Only Eat Fat Or Lean""",Jack Sprat & his wife
On screen he's been hard-boiled cop Dirty Harry,Clint Eastwood
"In California, February 6, 2004 was proclaimed this president's ""Day"" in honor of his 93rd birthday",Ronald Reagan
A reprise is an attack done in fencing after a brief return to this position,en garde
This city some 30 miles west of Dallas began as an army post on the Trinity River,Fort Worth
"Mimic this gastropod's ""pace"" when walking to school & you may get there by sixth period",snail
Dendroid means shaped like a tree; dentiform means shaped like this,a tooth
In June 1989 this Missouri congressman succeeded Thomas Foley as Majority Leader in the House,(Richard) Gephardt
"This grain that was cheaper than wheat was used to feed cattle & in the loaves that fed 5,000",Barley
"This companion island to Trinidad has its own airport, Crown Point International",Tobago
"In 1909 Henry Ford produced over 10,000 of this car, saying customers could get it in ""any color...so long as it is black""",the Model T
"Robin leads Beast Boy, Cyborg & the rest of this superhero group on Cartoon Network",Teen Titans
It's the room between the ceiling joists & the roof rafters where you keep crazy Aunt Meredith,the attic
An M.S. in M.E. is a Master of Science in this kind of engineering,mechanical
"This controversial Bonbay-born Brit is the author of ""Midnight's Children"" & of the cake slogan ""Naughty but nice""",Salman Rushdie
"Fabric that does not ""bleed"" when washed or worn is said to be this",colorfast
Brenda & Dylan's spring dance rendezvous was a highlight of this series' first season,"Beverly Hills, 90210"
The life & career of this female senator from Maine is on display at a library in Skowhegan,Margaret Chase Smith
"Officially, it's a kingdom",Jordan
In 1971 the Lyndon Johnson Library at this school became the first presidential library on a college campus,University of Texas
"At Illinois senator Simon's funeral, former Senator Alan Dixon was listed in the program as one of these",a pallbearer
This daughter of Nixon married Edward Cox at the White House in 1971,Tricia
Some Moscow-set movie scenes have been filmed in this Finnish capital,Helsinki
"Forgotten for centuries, this royal retreat of Incan kings was rediscovered by Hiram Bingham in July",Machu Picchu
"""Tom Jones"" (1963)",Albert Finney
"Divided into 2 parts by the Rond-Point, it stretches 1.17 miles through Paris",the Champs-Élysées
"This wanderer in the West spread the word on Swedenborgism, as well as his famous fruit trees",Johnny Appleseed
In 1981 Budget Dir. Stockman's criticism of the Reagan administration was published in this monthly,The Atlantic Monthly
"Isaiah said that the Lord shall gather the dispersed ""from"" these ""of the Earth""",the four corners
"Novel that says, ""Eliza made her desperate retreat across the river just in the dusk of twilight""",Uncle Tom's Cabin
In June 2002 they became the first sisters to be ranked No. 1 & 2 in tennis at the same time,Venus & Serena Williams
19 letters: A book full of facts plus a doctor for kids,encyclopediatrician
His wife Florence consulted an astrologer who said that he'd win the presidency but die in office,Warren G. Harding
"In Act 1 of this play, Happy complains to Biff about their father's driving",Death Of A Salesman
Richard Bachman,Stephen King
"Fearing their vengeful wrath, the Greeks called them Eumenides, which means ""The Kindly Ones""",Furies
The USA's first domed sports stadium opened in this city in 1965,Houston
It's the animal that's most closely related to humans,chimpanzee
"Its ensemble cast included Kevin Kline, Glenn Close & William Hurt",The Big Chill
The Last Drop Tavern was named for its proximity to the spot where public hangings took place in this Scottish capital,Edinburgh
"Most of the Greek Isles are in this sea, an arm of the Mediterranean",the Aegean Sea
John Le Carre popularized the name of this burrowing mammal to mean a spy in enemy ranks,Mole
"In arresting members of the Mahdaviyat group, this country claimed it had thwarted a plot to kill Khatami",Iran
In 1964 this legendary couple of the stage became the first husband & wife awarded the Medal of Freedom,Alfred Lunt & Lynn Fontanne
"Chapter 1 of this book is called ""Lucy Looks into a Wardrobe""","""The Lion, the Witch & the Wardrobe"""
Traditionally you make a Caesar salad with this type of lettuce,Romaine
The city of Tuscaloosa in this state is named for a Choctaw leader who fought Hernando de Soto in 1540,Alabama
"JFK's 1962 State of the Union Address eulogized this Congressional legend known as ""Mr. Sam""",Rayburn
It's the proud banner seen here,Union Jack
"The arrangement of words in feet in each of a poem's lines; the ""Iliad""'s is dactylic",meter
Kyle Chandler is the coach of a small-town high school football team on this critically acclaimed TV show,Friday Night Lights
"In February the U.N. voted to send 7,000 peacekeepers to this southern African nation",Angola
"A high recognition factor prompted Lever Bros. to bring back the ""Ta-ta-ta-da"" ad for this",Imperial Margarine
A Yokozuna is an athlete who has reaced the highest rank in this sport,sumo wrestling
"Though much of Leviticus is ritual, chapter 19 has the sweeping ""Thou shalt love"" this person ""as thyself""",Thy neighbor
The California types of these are Mexican-Guatemalan hybrids & include the Hass,avocados
Classic Bette Davis movie chronicling the life of the TV star who played Jan Brady,All About Eve Plumb
"This Finn's only opera, ""The Maiden in the Tower"", had a libretto in Swedish",Sibelius
"It's the country where you'll find Cape Nordkyn, the northernmost point on the European mainland",Norway
"Natty Bumppo discovers there's ""The Penultimate Iroquois"" in this man's 1820s sequel",James Fenimore Cooper
"Aiding a felon before the crime or after it makes you one of these ""before"" or ""after the fact""",accessory
"On a hilarious sitcom on HBO, he played befuddled talk show host Larry Sanders",Garry Shandling
The Khyber Pass connects these 2 countries,Pakistan and Afghanistan
Gwyneth Paltrow portrayed her in the early days of her marriage to fellow poet Ted Hughes,Sylvia Plath
Types of these you'll find in the forest include the red-eyed vireo & the scarlet tanager,birds
Inflammation of this tendon that pulls up the heel is common; rupture is a lot more serious,Achilles tendon
In the 1890s he established steamer lines on the Great Lakes to control the transport of iron to Pittsburgh,Andrew Carnegie
"Grilled pizza is a favorite dish of this host of the Food Network's ""Hot Off The Grill""",Bobby Flay
"Formerly director of Arkansas' department of health, in 1993 Joycelyn Elders was appointed to this higher post",the Surgeon General
The company began in 1759 when Arthur Guinness established a brewery in this capital city,Dublin
The popular sport muay thai is a type of this martial art,kickboxing
"It's the ""Official Sports Beverage"" of the NFL, the NBA & the PGA",Gatorade
"In the 1821 Battle of Carabobo, Spanish general Miguel de la Torre was no match for this South American",Simon Bolivar
You're not ordering a prison weapon; it's this front leg of beef that requires braising,a shank
"This river is formed by the confluence of the Tallapoosa & Coosa Rivers, north of Montgomery",the Alabama River
"When he first saw Becky Thatcher, ""a certain Amy Lawrence vanished out of his heart and left not even a memory""",Tom Sawyer
In Indonesia nasi goreng is the fried type of this staple grain,Rice
"It's the numerical response that means ""Message confirmed"", good buddy",10-4
"Famous Terrence who wrote the Tony-winning plays ""Master Class"" & ""Love! Valour! Compassion!""",Terrence McNally
"In 1864 this motto first appeared on a U.S. coin, a 2-cent piece","""In God We Trust"""
"""The Angels of Buena Vista"" is Whittier's tribute to the women who cared for the wounded during this war",The Mexican War
"She fed us ""Dinner at the Homesick Restaurant"" in 1982 & gave us ""Breathing Lessons"" in 1988",Anne Tyler
The one Lincoln wore to Ford's Theatre is in the Smithsonian,a tophat
Litigation brought by multiple plaintiffs sharing the same legal problem,class action
This mask is good for stopping shots & generating movie sequels,Goalie/hockey mask
"Belgian city whose name has come to mean ""defeat"" because Napoleon was defeated there",Waterloo
(VIDEO DAILY DOUBLE): She's the woman in the Francois Gerard painting seen here,(Cupid And) Psyche
"This element, chemical symbol V, was named after the Scandinavian goddess of beauty",Vanadium
"The epilogue of this novel says, ""I have now told the singular, but veracious story of the opera ghost""",Phantom of the Opera
This saint of Avila founded her order of Barefoot Carmelites,Teresa
In 2001 an aircraft carrier named for this former president was christened by his wife Nancy,Reagan
"This Frenchman did not allow the publication of his ""Carnival of the Animals"" during his lifetime",Camille Saint-Saens
In January 1964 this Maine senator announced that she would seek the Republican nomination for president,Margaret Chase Smith
This D.C. paper led all others in pursuing the story of the Watergate break-in,The Washington Post
A leaner is worth 2 points in this pastime that dates back centuries,horseshoes
Until June 1997 this was the smallest fraction of a dollar used in NYSE trading,1/8
"A scholarly paper on punning restaurant names was titled ""Dew Drop Inn and"" this vegetable ""Entertain You""",Lettuce
"Appropriately, this singer of ""California Gurls"" was born in Santa Barbara",Katy Perry
These were first offered in 1939 to low-income families to help them buy groceries,food stamps
"A work from George Gershwin: ""___ In Blue""",Rhapsody
"After his 1616 death, his will stipulated that his ""second best bed"" go to his wife, Anne, which does beg a question...",Shakespeare
This Illinois man's 2 presidential runs in the 1950s garnered a total of 162 electoral votes,(Adlai) Stevenson
The Jacobins used the assassination of this editor of L'ami du Peuple as an excuse to begin the Reign of Terror,(Jean-Paul) Marat
"Russia shares its longest border with this large ""stan""",Kazakhstan
"Anne Edwards' biography of this former child star is called ""American Princess""",Shirley Temple
"He dedicated ""The Lion, the Witch and the Wardrobe"" to Lucy Barfield, his goddaughter for whom he wrote the story",C.S. Lewis
This tropical root is used to make tapioca,cassava
She won 3 golds in swimming at the '88 Olympics & was chosen homecoming queen of her school,Janet Evans
"""The Beautiful and Damned"", his second novel, takes place during the Jazz Age",F. Scott  Fitzgerald
"This herring-like pizza fish is attracted by light, so it's fished at night",anchovies
An annual publication chock full of facts & figures,an almanac
It's the roe of a sturgeon from the Black Sea,caviar
"A substance whose molecules contain more than one kind of atom, like water's hydrogen & oxygen atoms",compound
Until 1954 it was the tallest structure in the world,the Empire State Building
"Before it changed direction, this musical was called ""East Side Story""",West Side Story
"In Esperanto ""no man is an"" insulo, this",an island
One of the subdivisions of biology is this science dealing with the naming & classification of organisms,taxonomy
"As a noun, it's a reader used by students for a class; an adjective, it can mean typical or classic",textbook
He got the medal shortly before stepping down as Federal Reserve Chairman,(Alan) Greenspan
An early version of this water sport had players riding on barrels painted to look like horses,water polo
"Traditionally in Japan, these implements are used by suicidal samurai, but not at the table",Forks
"In antiquity this ""mother"" river of Russia was known as the Rha or Oaros",Volga
"He was on his way to compete in a car race when he crashed Sept. 30, 1955",James Dean
Yankton & Rosebud,South Dakota
"Having saved early Mormon settlers from an invasion of katydids, it's now the state bird",the seagull
"We're not faking--alphabetically, it's last among the elements on the Periodic Table",zirconium
"Marcel Duchamp's most famous painting is ""Nude Descending"" this",A Staircase
The U. of N. College of Agriculture helped develop the technology for this McDonald's McPork sandwich,McRib
"With thick clouds reflecting lots of light, this planet was once known as Lucifer & Phosphorus",Venus
The Georgian Military Highway is the only highway crossing this range that divides Asia from Europe,Caucuses
"In 1373 at Florence's Church of Santo Stefano, this ""Decameron"" author gave a reading of ""The Divine Comedy""",Giovanni Boccaccio
"When this schooner wrecked, cruel rocks ""gored her side like the horns of an angry bull""",the Hesperus
"The state university in Nacogdoches, Texas is named for him",Stephen (F.) Austin
"According to its California producers, it's the new correct 2-word term of the food seen here: [prunes]",Dried plums
"4th century B.C.: Aristotle writes, ""It is agreed that there are...only two solids, the pyramid and"" this geometric one",cube
"The ""Golden Boy"" statue atop the legislature holds a lit torch & a sheaf of this",Wheat
This South Pacific island nation is ruled by a king & a 30-member legislative assembly,Tonga
"""In Your Honor"", ""The Color and the Shape""",Foo Fighters
"An organization that is using the Internet's power to help young people change the world is called ""Do"" this",Something
"8-letter ""clothing"" term describing one who disloyally changes sides",a turncoat
"This disciple wouldn't believe Jesus' resurrection until he saw ""in his hands the print of the nails""",Thomas
"Melvin Laird, Elliot Richardson & James Schlesinger",Richard Nixon
"Grass court tennis favors this 3-word technique because the ball stays low, making it tough on the receiver",serve and volley
All of Connecticut's port cities are on this arm of the Atlantic,Long Island Sound
These numbskulls that were thorns in the side of Gumby just won't cut it,Blockheads
"And to think he was 33 when he published his first book, ""And to Think That I Saw It on Mulberry Street""",Dr. Seuss
"These flying mammals aren't really ""blind""; most have small eyes concealed by fur",Bats
This foreign capital's Disneyland turns 25 in 2008,Tokyo
"In 1793 the 1st U.S. ship canal was built near Springfield, in this state",Massachusetts
A real 19th century whale named Mocha Dick may have inspired this 1851 novel,Moby Dick
Patrick O'Brian wrote this series of novels about British Capt. Jack Aubrey; Russell Crowe played the role on film,Master and Commander
"In book 10, ""The Slippery Slope"", this author's Baudelaire siblings are at it again",Lemony Snicket
"Elephants, autos, trees",Things that have trunks
"In his late teens this director, seen here, taught English in Saigon",Oliver Stone
"This ""Lady""like biographer of Mary, Queen of Scots came out with ""Marie Antoinette: The Journey"" in 2001",Antonia Fraser
"The capital of Hungary for over 200 years, it's now the capital of Slovakia",Bratislava
A Siamese dead heat,a Thai tie
"It's the country where you'll find the cities of Granma, Cienfuegos & Camaguey",Cuba
This northern sea was named for a British admiral who was famous for a wind scale,Beaufort
Both the junior & senior Johanns in this Viennese family conducted dance music as well as composed it,Strauss
A noisy quarrel,fracas
"""Teahouse"" is a 1957 Chinese play, and this is the longer title of a 1953 work set in Japan","""Teahouse of the August Moon"""
"This evangelist made plenty of headlines in the 1920s, like in 1926 when she claimed to have been kidnapped",Aimee Semple McPherson
"Jenna Elfman & Thomas Gibson play this title pair, a kooky yoga teacher & an uptight U.S. attorney",Dharma & Greg
The Mosel is a tributary of this 820-mile-long European River,the Rhine
"Cosa Nostra, another term for the Mafia, can be translated as this",our thing
"I can always count on Aunt Nancy sending me cashmere, which comes from the hair of this animal",a goat
In the 19th century Japan's only port for westerners was this second A-bomb site,Nagasaki
If you were a Hun in 450 A.D. this man was your king,Atilla
"Leibniz, an inventor of calculus, was an adviser to this ""Great"" Russian czar",Peter the Great
"Make Way!  Modern science has revealed that this planet travels around the sun at about 68,000 MPH",Earth
"Some wondered if she'd be known as ""J.Ant."" after a surprise marriage, her third, to singer Marc Anthony",Jennifer Lopez
"This ballerina was born on an Indian reservation in Fairfax, Oklahoma, in 1925",Maria Tallchief
Too great to measure,incalculable
"The one associated with ""Oliver Twist"" is ""The Parish Boy's Progress""",Subtitle
There's a statue of this buxom singer on the Sevier County Courthouse lawn in her Tennessee hometown,Dolly Parton
It's the visionary technique used to create the image seen here,X-ray
"Ante bellum means ""before"" this, something many people are anti-",War
"According to lyricist Bob Merrill, ""People who need people are"" this",the luckiest people in the world
Where the peachtrees grow: Georgia State,Atlanta
"Of the lower 48, this state has the most land under exclusive BLM jurisdiction, more than 75,000 square miles",Nevada
Excessively sentimental,sappy
"2 angles with a common vertex & a common side, or the position of the house next door that called the cops",Adjacent
In 1931 the Mexican government took the pesos made of this metal out of circulation,gold
"With no formal education, Andrew didn't learn these 3 often-linked basic skills until he was a teenager","reading, writing & arithmetic"
1 of 4 Olympic medalists who played Tarzan in feature films,"Herman Brix, Buster Crabbe, Glenn Morris or Johnny Weissmuller"
This British adventurer liked to go by the initials T.E. instead of his given names Thomas Edward,T.E. Lawrence (Lawrence of Arabia)
"Now the ""Today"" show's co-anchor, she once produced the CNN news & information show ""Take Two""",Katie Couric
Don't lose your head: this French device shares its name with an instrument for surgically removing tonsils,guillotine
"On TV he's played RFK in ""The Missiles of October"" & JFK in the miniseries ""Kennedy""",Martin Sheen
"[Hi, I'm Jeff Probst of ""Survivor""]  Stings from this marine creature, also called a medusa, should be washed with rubbing alcohol or vinegar",Jellyfish
"Beginning around 697 A.D., it was the title of the leader of the Venetian Republic",doge
"Bobby ""Boris"" Pickett recorded this classic Halloween song with the Crypt-Kickers","""Monster Mash"""
"In this comedy Jaques says to Orlando in the Forest of Arden, ""Let's meet as little as we can""",As You Like It
Judy Holliday reprised her stage role as Billie Dawn in this George Cukor-directed comedy classic,Born Yesterday
"The popular Jack London story ""To Build"" this is about a man trying to survive a harsh Yukon winter night",a fire
"Clarence Birdseye discovered his freezing method for food on a trading expedition to this ""canine"" Canadian location",Labrador
"""In Her Sister's Shadow"" is a biography of Lee Radziwill, sister of this woman",Jacqueline Kennedy Onassis
"Beethoven's 6th isn't called the ""Bucolic"" symphony, but this",Pastoral
"This ""Queen of Mean"" is a regular on Comedy Central's roasts",Lisa Lampanelli
"You may choose to work with a midwife or one of these, from the Greek for ""female servant""",a doula
Be careful not to drop your key down this vertical passage in which the elevator moves up & down,shaft
Gary Puckett was born in this Minnesota town where Bob Dylan grew up,Hibbing
"2 of the 4 U.S. states that have capitals with ""City"" in their names","Missouri, Nevada, Oklahoma & Utah"
In 1926 he was hired as chief pilot to carry airmail between Chicago & St. Louis,Lindbergh
A short-lived infatuation between red & yellow,orange crush
"Kurt, Rosalind, Nipsey",Russell
"Housatonic Museum of Art, Mystic Seaport",Connecticut
"Mapmakers named this Colorado mountain after its 1806 discoverer, who had called it Grand Peak",Pikes Peak
"He first choreographed ""Slaughter On Tenth Avenue"" for the Rodgers & Hart show ""On Your Toes""",Georges Balanchine
"At the bottom of the hour, bet you won't miss my chat with this all time ""hit king"" of baseball...Cincinnati, hello?",Pete Rose
"On Dec. 19, 1894 2 books were formally ordained as the impersonal pastor of this denomination",Christian Scientist
The liveliness of this place is reflected in the mirror behind the bar in the masterpiece seen here,Folies Bergere
George Arliss gained fame in 1930 after winning an Oscar for playing this British P.M.,Disraeli
The symbol of this company got a makeover in 1993 (it's paired with TriStar),Columbia Pictures
The First Crusade began in 1097 when 4 European armies met up in this Byzantine capital to march on the Holy Land,Constantinople
"It's the T in the WCTU, founded in Cleveland in 1874 with Annie Wittenmyer as its first president",temperance
"This league's headquarters is in Dahrir Square, Cairo, Egypt",the Arab League
This Swedish holiday goes back to Viking times when the night of Dec. 12-13 was the year's longest,St. Lucia's Day
"The high-rise district of Century City was once the backlot of this studio, still located nearby",20th Century Fox
PTA Membership Enrollment Month (in many states) & National Preparedness Month,September
"The Cleveland Browns' Lou Groza was nicknamed ""The Toe"" for his accuracy at this",Kicking field goals
It's equal to .0394 inches,Millimeter
"Hypo- means ""deficient""; add one letter to make it this, meaning ""sleep""",hypno-
"In 1994 he said his countrymen were as attached to the land as ""The famous jacaranda trees of Pretoria""",Nelson Mandela
Nathan's grim story about a slaughtered lamb made this king feel bad for the death of Uriah,David
The city of Tangier lies at the western end of this strait,Strait of Gibraltar
"The first song listed in the ""Billboard Book of No. 1 Hits"" is this ""rockin'"" Bill Haley song from July 1955","""Rock Around The Clock"""
This Missourian is the House Majority Leader,Richard Gephardt
Dick Grayson,Robin
"Helena & Hermia are characters in ""The Dream"", a ballet based on this Shakespearean play",A Midsummer Night's Dream
"Since 1971 these authors of ""Human Sexual Response"" have been viewing it from a married perspective",Masters & Johnson
First name of Confederate Lieutenant General Early,Jubal
Cronus,Saturn
"80% of thie U.S. economy is in this ""sector"", including hotel clerks & burger flippers",the service sector
Boothia Peninsula in this country is the former location of the north magnetic pole,Canada
A buffalo roams on this state's flag,Wyoming
"In this musical, Ian Wolfe performed a mass wedding ending with ""I now pronounce you men and wives.""","""Seven Brides for Seven Brothers"""
"In the name of a Penn department, Earth Studies is paired with these earth-friendly studies",Environmental Studies
"Mitch Hedberg: This device ""can never break.  It can only become stairs""",an escalator
"In 1937 an explosion of this, unodorized, killed 300 people in a New London, Texas school",natural gas
The Sahara portion of this range begins in Morocco & extends into Algeria,the Atlas Mountains
"In 1993 this semi-retired boxer starred as a retired boxer on the short-lived sitcom ""George""",George Foreman
Hemingway's book about an elderly guy trying to catch an echinoderm that looks like a giant pickle,The Old Man and the Sea Cucumber
Guinness reports that sharks can detect 1 part of this in 100 million parts of water,Blood
"In Super Bowl XXXIV, this Rams QB passed for a record 414 yards, beating Joe Montana's record by 57 yards",Kurt Warner
This stinging arachnid is fluorescent when exposed to ultraviolet light,Scorpion
The kind of knot you'd expect your mother's mother to tie,a granny knot
Old Rough & ____ to Wear,Ready
In 1978 Barnard Hughes won a Tony as this title patriarch,Da
"The doctor may have you say ""99"" to hear the vibrations of these cords go down into the chest",vocal cords
"On April 12, 1982 Great Britain imposed a blockade on this island group",Falkland Islands (or Malvinas)
Arabic gives us this word for a ravine that becomes a watercourse during the rainy season,a wadi
The 1968 film in which Mia Farrow discovers she has a bun in the coven,Rosemary's Baby
"""From Rags to Bitches"" is the autobiography of this man known for his worst-dressed lists",Mr. Blackwell
"On Dec. 25, 1492, his ship the Santa Maria was wrecked off Hispaniola",Christopher Columbus
This Confederate sub that sank in 1864 was raised from the sea bottom off Charleston in 2000,the Hunley
"Cuauhtemoc, the last Aztec emperor of Mexico, was this Aztec ruler's nephew",Montezuma
"An experiment with mirrors on Mt. Wilson & Mt. San Antonio, Calif. determined what became an accepted figure for this",the speed of light
Brett Favre,Green Bay Packers
"""I initiated a hostile takeover because Snowball had no business sense & would have bankrupted the Homestead""",Animal Farm
"Jeremy Licht, Luis Daniel Ponce, Jason Bateman",The Hogan Family
"In the HBO movie ""61*"", Claire, this man's widow, is none too happy when his home-run record of 60 is tied",Babe Ruth
"In memory of his wife Arjumand Banu Begum, who died in childbirth, Shah Jahan built this mausoleum",the Taj Mahal
"Completes the title of the Strauss waltz, ""On the Beautiful...""",Blue Danube
Beowulf Behemoth              (7),Grendel
"A kingdom of West Central Africa founded around 1390 is called this, like 2 current countries, but spelled with a K",Kongo
Adjective meaning unforgiving or vengeful,vindictive
The water variety of this Jewish roll is simmered before it's popped in the oven,Bagel
In April 1524 he sighted the Hudson River; his bridge hadn't been built yet,Verrazzano
"He's the secretary of state seen here in a 1981 clip <i>As of now, I am in control here in the White House</i>",Alexander Haig
"Poland, England, Finland",Finland
"""Don't Forget The Lyrics!"" or this Sugar Ray frontman who started hosting that show in 2010",(Mark) McGrath
"Closely identified with Gene Kelly, this song was introduced by Cliff Edwards in ""The Hollywood Revue of 1929""","""Singin' In The Rain"""
"If you can read this clue, you can name this station wagon part that means to follow too closely",Tailgate
"In 1855 this ""Orpheus in the Underworld"" composer opened his own theater, the Bouffes Parisiens",Jacques Offenbach
Library holdings at this university include the Constitution of the C.S.A. & the Margaret Mitchell Papers,the University of Georgia
Your early training,your upbringing
Henry Flagler developed this fashionable Florida resort famous for the chic shops on Worth Avenue,Palm Beach
Edward Tudor learns about the problems of commoners after switching clothes with an urchin in this Twain book,"""The Prince and the Pauper"""
"For Thanksgiving, ""Joy of Cooking"" suggests starting out with a bisque made with these shucked bivalves",oysters
"A Babylonian goddess of love & fertility, or a movie bomb for Warren Beatty & Dustin Hoffman",Ishtar
From 1769 to 1773 Mozart made 3 trips south to this modern nation where opera was king,Italy
"It's ""Common Sense"" that he was the 1st to write an article regarding women's rights in America, in 1775",Thomas Paine
"""Sex"" & ""Horror"" are compositions this member of the Marsalis family wrote for the ballet ""Them Twos""",Wynton Marsalis
"In 1798, back from his time in London, this Austrian-born composer wrote the ""Lord Nelson Mass""",Haydn
"If your command of the German language is poor, it wouldn't hurt to ask, ""Sprechen sie Englisch?"", which means this",Do you speak English?
Construction of this famous British cathedral on the river Avon began in 1220,Salisbury
The sitcom “Taxi” used cabs from this famous company founded in 1922,Checker
"Mash-up ""binary"" & ""digit"" to make this single unit of information",a bit
"7 weeks after the Alamo, Sam Houston took this Mexican leader prisoner at the 1836 Battle of San Jacinto",Santa Anna
In 1997 Albanians rebelled after losing their savings in these financial schemes,Pyramid schemes
"Charles Arthur Floyd, better known as this, was shot dead by G-men in 1934","""Pretty Boy"" Floyd"
"A Veronica is a movement done in this sport, popular in Mexico",bullfighting
The Book of Lamentations is a series of 5 acrostic psalms bemoaning the fall of this city,Jerusalem
"Kipling wrote, ""on the road to"" this place, ""where the flyin' fishes play""",Mandalay
"As Sylar, Zachary Quinto enjoyed picking the occasional brain on this NBC show",Heroes
This Minnesota governor's 1999 inaugural festivities included a potluck lunch on a farm,Jesse Ventura
In I Kings 8 there was nothing inside it except 2 tablets put there by Moses,the Ark of the Covenant
Traditional presidential musical welcome for the proverbial man in charge of the kitchen stove & sink,Hail to the Chief Cook and Bottle Washer
"Yes, he knew Ann Rutledge, but there's no evidence of a great love affair",Abraham Lincoln
"From 46 to 44 B.C. Julius Caesar literally ruled as one of these, having been appointed so by the Roman Senate",dictator
"In ""Pirates of the Caribbean: At World's End"", Davy Jones helms this ship, also the name of a Wagner opera",The Flying Dutchman
Jim Davis named this faithful friend of Garfield after a character he created for a car commercial,Odie
Waterway originally dug in the 4th century B.C.; Kublai Khan had it rerouted in the 13th,the Grand Canal
A wedge of this fruit is the traditional accompaniment for a shot of tequila,Lime
It lies between the cornea & the lens,the iris
"1969: ""Kid, the next time I say let's go someplace like Bolivia, let's go someplace like Bolivia""",Butch Cassidy and the Sundance Kid
"An adjective meaning greedy, or what the owner of a Long John Silver's does",selfish/sell fish
"Publications dealing with this religious & social welfare group include ""War Cry""",The Salvation Army
"This prince marries his first cousin February 10, 1840; we've got the film in a can at 11",Prince Albert
A coffee-colored tiara,a brown crown
"At his Presidential Library in Simi Valley, California",Reagan
Walter Gropius founded this innovative design school at Weimar in 1919,the Bauhaus
"A shrine of the Bab, a forerunner of the Baha'i, is in Haifa in this country",Israel
"Palm Beach, one of the world's best, is on this ""A"" of the ABC Islands",Aruba
The key to deep-frying these Hostess treats created in 1930 is to chill them before dipping them in batter,Twinkies
"To complete a foursome, mathematician Herman Minkowski added this to length, width & height",time
"Carmen Ibanez fights the bugs as a pilot in ""Roughnecks"", the animated version of this Heinlein tale:",Starship Troopers
Lad as a larch hare,mad as a March hare
Mormons believe these 2 members of the godhead have physical bodies but are immortal,God the Father & Jesus Christ
"Krylon's ""Short Cuts"" paint comes in 3 forms: pen, brush-on & this type that's under pressure",aerosol
"Born in Brittany, he hit the Jacquespot when he voyaged to Canada & discovered the St. Lawrence River",Jacques Cartier
1 of the 3 Indian cities where the British founded universities in 1857,"(1 of 3) Bombay, Calcutta or Madras"
"As soon as corn is picked, its sugar begins to turn into this, so get it into the pot fast!",starch
"Floor area, bodysuit, a ball, a hoop or a ribbon",rhythmic gymnastics
The Gulf of Corinth divides the mainland of this country into 2 uneven parts,Greece
In 1973 this former helmsman of the starship Enterprise ran for a seat on the L.A. city council,George Takei
"In a ""SNL"" spoof of this kids' show Eddie Murphy said, ""Ooo, look, boys & girls, an eviction notice""",Mr. Rogers' Neighborhood
Mr. Jingles is a mouse on death row in this Stephen King tale,"""The Green Mile"""
The Museum of Aviation in Warner Robins has an exhibit on this famous group of Black American pilots,Tuskegee Airmen
The Italian part of this coastal resort area runs from the French border to Tuscany,the Riviera
"After some fierce flamencoing, you might hear cries of this, Spanish for ""water""",agua
The first important U.S. tournament in this board game took place in New York City in 1857,chess
"This university's original building, erected in Elko in 1874, became a hospital for indigents before it was leveled in 1920",University of Nevada
These large green banana relatives are usually available in Hispanic markets as platanos,Plantains
In the late 1500s the Ruckers of Antwerp were the most prominent makers of this keyboard instrument,Harpsichord
"In Faulkner's ""The Bear"", Ike McCaslin hunts down this legendary bear",Old Ben
Gil Gerard,Buck Rogers
"Amory Blaine, a student at Princeton, is the protagonist of this first novel published by F. Scott Fitzgerald",This Side of Paradise
"A trombone provided the ""mwa-mwa-mwa"" adult voices in the animated versions of this Charles Schulz comic strip",Peanuts
"This coach has led teams to the Super Bowl the most times, 7: the Colts twice and the Dolphins five times",Don Shula
This suffix denotes a person who is a recipient of something,ee (as in honoree)
These 2 3-letter words form the name of a synonym for rap music,hip hop
"For their work leading to the MRI, American Paul Lauterbur & Briton Sir Peter Mansfield scanned this Nobel",Medicine
"Physician Haing S. Ngor won the ""Best Supporting Actor"" Oscar for this, his first film",The Killing Fields
"General Lee said, ""He has lost his left arm"" (which was buried in Ellwood, Virginia) ""but I have lost my right arm""",Stonewall Jackson
Baron Monck was the first to hold this office in Canada,Governor-General
"Oberlin, home to an underground railroad stop & one of the first U.S. colleges with black students, is in this state",Ohio
"Later to run a pizza parlor in Virginia, Nguyen Ngoc Loan uses a gun in an infamous photo taken in this city in 1968",Saigon
"Latin American pop music style, or a sauce used in Mexican cuisine",Salsa
It's the length from the base of a cone to the apex,the altitude
"In a story by Mini Grey, this pair from ""Hey Diddle Diddle"" run off to NYC & find fame & fortune in vaudeville",the dish & the spoon
"This train that began service in 1994 links London, Paris & Brussels at up to 186 MPH",Eurostar
Novartis makes these hyphenated caffeine pills that have been helping college kids study for years,No-Doz
This expression is used to caution someone dangerously inquisitive,curiosity killed the cat
"Unlike birds today, the hesperonis of the cretaceous period had these, all the better to eat fish with",Teeth
"""Hope Was Here"" is a book about a teen waitress at the Welcome Stairways Diner in this ""Dairy State""",Wisconsin
"Luxation is another term for this often painful misalignment of a joint, perhaps a shoulder",a dislocation
"(Hi, I'm Al Franken)  ABC's 11:30 P.M. reports on ""The Iran Crisis: America Held Hostage"" evolved into this regular program",Nightline
"In Britten's opera ""Albert Herring"", a young man is made this springtime ""King"" because no village girl is fit to be ""Queen""",the May King
"This Boston abolitionist began publication of ""The Liberator"" in 1831",William Lloyd Garrison
"Sculpted Lincoln Center's ""Reclining Figure""",Henry Moore
"Kris Kristofferson once sang of this type of ""devil"", also used to describe an eloquent orator",silver-tongued
It's the part of the Tin Man's body that Dorothy oils first,Mouth
At the Pasadena Civic Auditorium 2000 guests will see Disney's Y2K update of this 1940 animated classic,Fantasia
"""The Education of"" this Cherokee, billed as autobiography, was written by a white segregationist",Little Tree
The Sami were gravely affected by this 1986 disaster as fish & livestock meat became tainted,Chernobyl
"In 2009, ""dressed in Laker purple"", this sunglasses-wearing ""avid fan... watched the Lakers beat the... Magic 100-75""",Jack Nicholson
His actual first name was Hiram while his middle name was Ulysses,Ulysses Grant
In the Bible there was a heck of a generation gap between her & her son Isaac; she was 91 when she bore him,Sarah
"Based on Stephen Crane's experience, it's the story of 4 shipwreck survivors","""The Open Boat"""
A temporary expedient is this type of measure,Stopgap
Deadyet?.com has a great page on these early Christian burial chambers near Rome,the Catacombs
"Decorated with marble brought from India, the London home of tycoon Lakshmi Mittal has this punning name",the Taj Mittal
"In ""The Long Goodbye"", Philip Marlowe's gat is ""a short-barreled police"" this",a .38
The round  glove worn by a baseball backstopper runs for president as a Mormon ex-Mass. governor,catcher's Mitt Romney
You should answer this one automatically: It's the property that says a = a,reflexive
In 1632 this Lord was granted a charter to found the colony of Maryland,Baltimore
"Jus gentium is this 13-letter type of ""law"" that diplomats have to know about",international
"Of Levi, Lee, Calvin or Sassoon, the one who got his genes from Jacob",Levi
"In 1969, on dogsled, a British team made the first surface crossing of this ocean",Arctic Ocean
"An ethnic group of northern Iraq & a type of highway ""station"" for truckers",Kurds & Way
"Aristotle introduced the term hamartia, or a dramatic hero's ""tragic"" this",flaw
"Traditionally, the entrance of a cathedral faces this direction",west
A lavender was a woman who did this,wash clothes
The title figure of this Puccini opera is Cio-Cio San,Madame Butterfly
"""Good Morning Baltimore""",Hairspray
"Louie, Latka & Elaine all worked for the Sunshine Cab Co. on this NYC sitcom",Taxi
"James Caan had a ""ball"" as the champ of a violent future sport in this 1975 flick",Rollerball
The 3 branches of the U.S. federal government,"Executive, Judicial & Legislative"
...from a slat on a window to get this word for a paramour,lover (from louver)
"""What if God was one of us?  Just a slob like one of us?""",Joan of Arcadia
"A popular ""Jeopardy!"" category, or a children's game with pictures of writers on the cards",Authors
A broken printer ribbon on a holiday weekend compelled Tom Stemberg to found this office supply superstore,Staples
"This nickname for Henry can also mean a coil, or a looped bundle of thread",Hank
Hard Candy is a trendy new company making colorful types of this cosmetic,Lipstick/nail polish
"Named for a city in Morocco, it's the most common type of Mandarin orange in the U.S.",the tangerine
"In 1791 this seventh state gave up some of its land to form Washington, D.C.",Maryland
It rises over 800 feet in San Francisco,the Transamerica Pyramid (the Transamerica Building accepted)
This magnificent guy succeeded his dad as sultan of the Ottoman Empire in September 1520,Suleiman
In spring 1989 this Japanese prime minister resigned after admitting involvement in a financial scandal,Noburu Takeshita
Jaffna & Trincomalee are cities of this island nation near India that was formerly known as Ceylon,Sri Lanka
"1983: ""Pass The Dutchie""",Musical Youth
"Capote called this writer ""Maestro of the Semicolon"" & co-wrote a movie version of his ""The Turn of the Screw""",Henry James
"Frank Hamer, an ex-Texas Ranger, devised the plan that resulted in the death of this outlaw couple on May 23, 1934",Bonnie & Clyde
"In the 1990s 5 ""stan"" nations agreed to give up to .3% of national income to restore this shrunken saltwater body",Aral Sea
"To reduce your chances of getting the flu, the CDC recommends doing this often, for 15 to 20 seconds at a time",washing your hands
The Vienna grave of physicist Ludwig Boltzmann doesn't have a quotation but one of these mathematical items,an equation
"In back slang this word is ""dab""; in Pig Latin it's ""ad bay""",Bad
"The name of this Northern European trade league comes from the medieval German for ""guild""",the Hanseatic League
"""Sling Blade"" actor who chronicled ""The Bridge of San Luis Rey""",Billy Bob Thornton Wilder
"When the band strikes up this appropriate serenade from 1911, it's time to get your hat, coat & spouse","""Good Night, Ladies"""
This slang noun for a painful injury comes from what you say when you get hurt,Ouch
"Naturally, this cabinet member is ""Rummy""",Donald Rumsfeld
"I told the private investigator that one of these ""is worth a thousand words""",a picture
They are painful contractions of hand muscles while utilizing your penmanship,writer's cramp
"C.S. Lewis chronicled this fantasy world in 7 books, beginning with ""The Lion, The Witch And The Wardrobe""",Narnia
"""Revelations "", an exhibit of her photos of '50s & '60s weirdos, has been seen in San Francisco, L.A. & New York",(Diane) Arbus
"For the records, translate these 2 Roman numerals, XLV & LXXVIII",45 & 78
"Now a retired brig. gen., this West Virginian was 1st to fly faster than speed of sound",Chuck Yeager
"In the newspaper, Marmaduke is a funny one",Great Dane
This town is home to the Joseph who gave his tomb for Jesus' burial,Arimathea
The skyline of the California Danish village of Solvang has several of these quaint power-producing devices,windmills
Mervyn LeRoy assisted Wayne in directing this 1968 film about the special forces in Vietnam,"""The Green Berets"""
This country's Chatham Islands are inhabited primarily by Maoris,New Zealand
"Calexico, California lies opposite this aptly named Mexican city",Mexicali
The Taylors of Mayberry & the Taylors of Detroit,The Andy Griffith Show & Home Improvement
"Lola's, the bar that gave us the apple martini, came up with the Janis Joplin martini: Pearl vodka & this potent potable",Southern Comfort
"Its main hub cities are Newark, Cleveland & Houston",Continental Airlines
"Critics are ""raven"" about ""Nevermore"", a new musical that re-imagines this author's life",Edgar Allan Poe
"In 1961 a phenomena investigation bureau was set up to find proof of this Scottish lake's ""monster""",Loch Ness
"Despite its great size, this ""plated lizard"" had a brain the size of a walnut",Stegosaurus
"This, a type of chicory with red or pinkish leaves, is a trendy salad ingredient",Radicchio
The Gulf of Ob in Siberia is only free of this for about two months of the year,Ice
"The 1902 Spooner Act authorized the purchase of this ""zone"" from Colombia",Panama Canal Zone
This 4-star general was President Bush's top military adviser from 1989 to 1993,Colin Powell
"Todd Waring took over this actor's roles in the TV versions of both ""Nothing in Common"" & ""Splash""",Tom Hanks
"In an 1863 story by Edward Everett Hale, army officer Phillip Nolan becomes ""The Man Without"" this",a Country
Eligius is the patron saint of all those who work with these ball-peen tools,a hammer
"On October 24, 1952 Eisenhower vowed to go to this country & 5 weeks later, he did",Korea
"This American was living at Lamb House in Rye when he wrote ""The Ambassadors"" in 1903",Henry James
He had 2 daughters & 2 other sons in addition to the one who became president in 1825,John Adams
"His book ""Kids Say the Darndest Things!"" topped the nonfiction bestsellers list for 2 years",Art Linkletter
"When it's time for a little ""sex and the city"", spray on Lovely, the signature fragrance of this actress",Sarah Jessica Parker
"New York Times, November 10, 1965: ""Power Failure Snarls Northeast; 800,000 are Caught in"" these in the city",Subways
"An escalator is often referred to as a ""moving"" one",stairway
"This 19th century Danish philosopher was known to his followers as ""S.K.""",(Soren) Kierkegaard
"This motto of U.S. forces in WWII Asia means ""work together"" in Chinese",Gung-ho
"In some traditions, the Ark of the Covenant was taken to Ethiopia by Menelik, the son of Solomon & this woman",the Queen of Sheba
In 1998 this flamboyant Italian skier won the 50th World Cup race of his career,Alberto Tomba
"Reviewers might have said ""Someday all this will be"" this author of ""Exodus"" & ""Mila 18""",Leon Uris
"He played Billy the Kid in ""The Left-Handed Gun"" in 1958, 11 years before he starred as Butch Cassidy",Paul Newman
"As a penalty in the game of forfeits, Mozart's wife shows her legs to some party guests in this famous play",Amadeus
...who was barred from a third term as Serbian president; in 1997 was made president of Yugoslavia,Slobodan Milosevic
World Book says the exportation of petroleum & petroleum products provides 95% of this nation's income,Qatar
1930: Bird is the word for Dashiell Hammett in this mystery,The Maltese Falcon
Elwyn Brooks...,E.B. White
"She played a political journalist in ""Woman of the Year"", her first film with Spencer Tracy",Katharine Hepburn
"If the queen of daytime talk married the ""Seven Spiritual Laws"" author, she'd have this rhyming name",Oprah Chopra
"This second-most populous country celebrates Buddha Purnima & Diwali, a festival of light",India
"Found in California, the largest living tree is the ""General Sherman"", a giant one of these",sequoia
"To renounce a throne, as Norodom Sihanouk did in 2004",abdicate
"Yankee profiled ""New England's greatest invention""--this one created in a restaurant on a Mass. toll road",the Toll House cookie
